country_id,neighbor_id,pass_face,pass_u,pass_v,barrier,heart_face,heart_u,heart_v
1,68,pos_x,135,0,193,neg_y,255,139
3,461,pos_z,241,76,1000,pos_z,254,94
5,42,pos_x,1,149,193,pos_x,8,120
5,193,pos_x,9,124,408,pos_x,8,120
5,434,pos_z,251,125,931,pos_x,8,120
10,224,neg_x,0,133,617,neg_x,0,127
11,86,pos_z,6,121,983,neg_x,255,130
11,92,pos_z,6,108,220,neg_x,255,130
11,115,pos_z,4,127,982,neg_x,255,130
11,137,pos_z,1,120,977,neg_x,255,130
11,169,neg_x,253,137,955,neg_x,255,130
11,206,pos_z,1,137,983,neg_x,255,130
11,212,pos_z,0,124,975,neg_x,255,130
11,256,neg_x,252,129,274,neg_x,255,130
11,319,neg_x,251,136,1000,neg_x,255,130
11,460,pos_z,8,110,280,neg_x,255,130
14,119,neg_x,136,251,933,pos_y,0,123
14,325,neg_x,137,250,1055,pos_y,0,123
14,353,pos_y,2,123,270,pos_y,0,123
19,479,pos_y,168,4,250,pos_y,166,4
20,109,pos_y,241,140,203,pos_y,248,132
20,141,pos_y,247,143,966,pos_y,248,132
23,127,pos_z,143,0,945,pos_z,124,2
23,138,neg_y,122,254,210,pos_z,124,2
25,462,neg_y,235,181,963,neg_y,232,172
26,61,pos_z,223,73,987,pos_z,234,67
28,376,pos_z,48,209,1014,pos_z,29,191
31,287,neg_z,177,70,264,neg_z,178,65
34,496,neg_z,151,130,1002,neg_z,158,134
35,415,neg_z,171,177,997,neg_z,178,185
36,65,pos_z,101,112,968,pos_z,98,103
36,80,pos_z,102,89,969,pos_z,98,103
36,441,pos_z,91,115,231,pos_z,98,103
36,448,pos_z,89,93,235,pos_z,98,103
36,449,pos_z,84,102,232,pos_z,98,103
36,474,pos_z,101,116,232,pos_z,98,103
37,42,pos_z,233,177,949,pos_z,221,183
37,53,pos_z,232,182,950,pos_z,221,183
37,118,pos_z,230,184,952,pos_z,221,183
37,268,pos_z,197,165,964,pos_z,221,183
37,277,pos_z,210,179,961,pos_z,221,183
37,434,pos_z,224,162,215,pos_z,221,183
38,120,pos_y,185,103,966,pos_y,182,99
38,230,pos_y,188,78,240,pos_y,182,99
38,258,pos_y,180,118,963,pos_y,182,99
38,307,pos_y,188,77,240,pos_y,182,99
38,331,pos_y,178,91,968,pos_y,182,99
38,339,pos_y,176,68,970,pos_y,182,99
38,435,pos_y,175,110,230,pos_y,182,99
38,447,pos_y,172,77,237,pos_y,182,99
38,480,pos_y,184,114,967,pos_y,182,99
38,488,pos_y,166,96,233,pos_y,182,99
39,100,pos_y,218,163,952,pos_y,211,150
39,109,pos_y,227,143,945,pos_y,211,150
39,141,pos_y,228,151,945,pos_y,211,150
39,186,pos_y,215,120,950,pos_y,211,150
39,195,pos_y,222,136,946,pos_y,211,150
39,207,pos_y,218,121,948,pos_y,211,150
39,300,pos_y,219,123,948,pos_y,211,150
39,324,pos_y,218,122,1004,pos_y,211,150
39,397,pos_y,218,174,962,pos_y,211,150
39,418,pos_y,230,161,946,pos_y,211,150
39,422,pos_y,210,134,216,pos_y,211,150
40,403,pos_y,63,176,231,pos_y,77,178
40,431,pos_y,87,164,985,pos_y,77,178
40,458,pos_y,67,170,967,pos_y,77,178
40,473,pos_y,63,181,234,pos_y,77,178
41,85,neg_x,89,72,968,neg_x,76,55
41,196,neg_x,71,105,979,neg_x,76,55
41,265,neg_x,84,113,983,neg_x,76,55
41,346,neg_x,83,114,982,neg_x,76,55
41,430,neg_x,97,99,991,neg_x,76,55
41,446,neg_x,68,79,233,neg_x,76,55
42,53,pos_x,0,174,932,pos_x,13,156
42,94,pos_x,31,165,250,pos_x,13,156
42,162,pos_x,31,165,307,pos_x,13,156
42,193,pos_x,16,134,967,pos_x,13,156
42,434,pos_z,229,158,947,pos_x,13,156
43,83,neg_z,55,220,964,neg_z,29,180
43,90,neg_z,38,171,957,neg_z,29,180
43,117,neg_z,53,229,982,neg_z,29,180
43,139,neg_z,19,215,964,neg_z,29,180
43,160,neg_z,52,210,972,neg_z,29,180
43,221,neg_z,19,213,964,neg_z,29,180
43,236,neg_z,18,215,997,neg_z,29,180
43,305,neg_z,28,185,965,neg_z,29,180
43,310,neg_z,62,180,270,neg_z,29,180
43,481,neg_z,36,232,968,neg_z,29,180
44,161,pos_y,147,148,975,pos_y,154,129
44,258,pos_y,177,136,539,pos_y,154,129
44,386,pos_y,147,118,969,pos_y,154,129
44,389,pos_y,175,138,322,pos_y,154,129
44,422,pos_y,177,137,443,pos_y,154,129
44,435,pos_y,172,122,964,pos_y,154,129
44,453,pos_y,142,123,233,pos_y,154,129
45,111,neg_x,117,255,953,pos_y,4,160
45,172,neg_x,114,249,1101,pos_y,4,160
45,323,pos_y,11,145,938,pos_y,4,160
45,420,pos_y,0,177,197,pos_y,4,160
45,444,neg_x,88,253,207,pos_y,4,160
45,472,pos_y,11,160,202,pos_y,4,160
46,51,pos_y,25,218,968,pos_y,26,206
46,420,pos_y,20,197,952,pos_y,26,206
46,436,pos_y,19,226,968,pos_y,26,206
46,478,pos_y,27,212,964,pos_y,26,206
46,487,pos_y,21,197,953,pos_y,26,206
46,491,pos_y,19,204,219,pos_y,26,206
47,128,pos_y,209,240,979,pos_y,211,242
47,248,pos_y,199,250,944,pos_y,211,242
47,481,pos_y,211,252,242,pos_y,211,242
48,75,pos_y,140,64,960,pos_y,131,72
48,402,pos_y,106,75,1013,pos_y,131,72
48,407,pos_y,108,65,969,pos_y,131,72
48,428,pos_y,125,77,964,pos_y,131,72
48,447,pos_y,132,76,963,pos_y,131,72
48,456,pos_y,140,63,249,pos_y,131,72
49,50,pos_x,250,240,1005,pos_x,255,238
49,56,pos_x,255,204,942,pos_x,255,238
49,116,pos_x,243,193,947,pos_x,255,238
49,145,neg_z,2,236,993,pos_x,255,238
49,221,neg_z,11,210,1049,pos_x,255,238
49,236,neg_z,11,219,254,pos_x,255,238
49,266,pos_x,216,201,969,pos_x,255,238
49,297,pos_x,230,205,962,pos_x,255,238
49,399,pos_x,249,239,1007,pos_x,255,238
50,128,pos_y,220,240,1010,pos_x,227,229
50,145,pos_x,250,241,287,pos_x,227,229
50,174,neg_z,1,251,359,pos_x,227,229
50,297,pos_x,223,224,1126,pos_x,227,229
50,333,pos_y,230,230,977,pos_x,227,229
50,399,pos_x,249,241,1114,pos_x,227,229
50,477,pos_x,215,231,980,pos_x,227,229
50,485,pos_y,236,225,972,pos_x,227,229
51,60,pos_y,47,232,960,pos_y,72,231
51,237,pos_y,54,234,958,pos_y,72,231
51,285,pos_y,72,231,605,pos_y,72,231
51,423,pos_y,74,225,969,pos_y,72,231
51,436,pos_y,25,220,969,pos_y,72,231
51,467,pos_y,57,218,229,pos_y,72,231
51,478,pos_y,26,218,233,pos_y,72,231
52,91,neg_x,58,30,960,neg_x,75,19
52,192,neg_x,109,16,955,neg_x,75,19
52,286,neg_x,109,13,953,neg_x,75,19
52,358,neg_x,106,4,948,neg_x,75,19
52,366,neg_x,77,18,949,neg_x,75,19
52,417,neg_x,56,26,966,neg_x,75,19
52,471,neg_x,64,30,224,neg_x,75,19
52,489,neg_x,103,2,955,neg_x,75,19
52,493,neg_x,104,17,957,neg_x,75,19
53,84,pos_z,251,210,950,pos_z,252,185
53,95,pos_x,0,208,945,pos_z,252,185
53,118,pos_z,230,186,953,pos_z,252,185
53,125,pos_x,7,194,1027,pos_z,252,185
53,153,pos_x,6,182,941,pos_z,252,185
53,156,pos_x,3,176,936,pos_z,252,185
53,235,pos_x,7,191,1027,pos_z,252,185
53,335,pos_x,6,198,1026,pos_z,252,185
53,337,pos_x,7,195,945,pos_z,252,185
54,249,neg_x,14,176,303,neg_x,21,177
54,464,neg_x,31,155,972,neg_x,21,177
54,497,neg_x,14,155,205,neg_x,21,177
55,74,neg_x,8,64,943,neg_z,224,47
55,87,neg_x,18,49,956,neg_z,224,47
55,114,neg_z,255,43,943,neg_z,224,47
55,142,neg_z,223,49,967,neg_z,224,47
55,163,neg_x,0,43,943,neg_z,224,47
55,165,neg_x,14,45,219,neg_z,224,47
55,180,neg_z,226,41,968,neg_z,224,47
55,261,neg_x,26,57,960,neg_z,224,47
55,302,neg_z,232,37,966,neg_z,224,47
55,368,neg_z,227,31,979,neg_z,224,47
55,369,neg_z,234,60,953,neg_z,224,47
55,370,neg_z,255,65,936,neg_z,224,47
55,492,neg_z,252,66,938,neg_z,224,47
56,78,pos_x,255,168,931,neg_z,7,195
56,81,neg_z,23,181,984,neg_z,7,195
56,116,pos_x,243,191,945,neg_z,7,195
56,221,neg_z,12,207,963,neg_z,7,195
56,240,pos_x,249,162,935,neg_z,7,195
56,305,neg_z,18,187,962,neg_z,7,195
57,172,neg_x,106,242,971,neg_x,114,242
57,354,neg_x,127,232,999,neg_x,114,242
57,495,neg_x,110,235,210,neg_x,114,242
58,132,pos_x,222,0,949,neg_y,239,50
58,183,neg_y,254,44,946,neg_y,239,50
58,216,neg_y,255,8,957,neg_y,239,50
58,218,neg_y,234,41,962,neg_y,239,50
58,245,neg_y,248,49,965,neg_y,239,50
58,314,neg_y,240,8,968,neg_y,239,50
58,318,neg_y,232,35,967,neg_y,239,50
58,373,neg_y,233,10,966,neg_y,239,50
59,463,neg_y,217,223,254,neg_y,217,212
59,482,neg_y,214,223,251,neg_y,217,212
60,98,pos_y,31,253,952,pos_y,43,234
60,237,pos_y,48,234,959,pos_y,43,234
60,436,pos_y,30,253,217,pos_y,43,234
61,136,pos_z,200,68,971,pos_z,169,88
61,171,pos_z,178,71,972,pos_z,169,88
61,219,pos_z,172,87,292,pos_z,169,88
61,309,pos_z,203,67,971,pos_z,169,88
61,426,pos_z,204,84,985,pos_z,169,88
62,99,pos_z,50,127,955,pos_z,60,122
62,146,pos_z,51,138,258,pos_z,60,122
62,255,pos_z,56,141,958,pos_z,60,122
62,441,pos_z,75,151,245,pos_z,60,122
62,449,pos_z,58,114,958,pos_z,60,122
63,393,neg_y,186,247,1067,neg_y,201,238
63,413,neg_y,184,216,977,neg_y,201,238
63,470,neg_y,185,244,224,neg_y,201,238
63,482,neg_y,201,236,969,neg_y,201,238
64,243,pos_y,63,147,961,pos_y,76,140
64,359,pos_y,67,126,965,pos_y,76,140
64,431,pos_y,89,152,985,pos_y,76,140
64,458,pos_y,63,148,225,pos_y,76,140
65,80,pos_z,106,89,970,pos_z,126,96
65,409,pos_z,124,118,972,pos_z,126,96
65,474,pos_z,104,117,968,pos_z,126,96
66,101,neg_y,243,64,946,neg_y,232,85
66,107,neg_y,209,68,963,neg_y,232,85
66,245,neg_y,247,58,962,neg_y,232,85
66,288,neg_y,214,81,958,neg_y,232,85
66,332,neg_y,239,74,219,neg_y,232,85
66,343,neg_y,208,69,985,neg_y,232,85
66,344,neg_y,208,70,985,neg_y,232,85
66,361,neg_y,226,85,293,neg_y,232,85
66,362,neg_y,209,74,961,neg_y,232,85
67,90,neg_z,40,166,957,neg_z,50,119
67,108,neg_z,49,119,992,neg_z,50,119
67,345,neg_z,60,155,962,neg_z,50,119
67,363,neg_z,71,158,236,neg_z,50,119
68,140,pos_x,164,0,930,pos_x,146,10
68,437,pos_x,159,13,961,pos_x,146,10
69,129,neg_x,60,107,976,neg_x,31,88
69,228,neg_x,58,109,976,neg_x,31,88
69,293,neg_x,54,111,959,neg_x,31,88
69,432,neg_x,38,108,956,neg_x,31,88
69,446,neg_x,38,74,313,neg_x,31,88
69,497,neg_x,31,105,949,neg_x,31,88
70,82,neg_x,130,48,955,neg_x,113,64
70,89,neg_x,131,48,955,neg_x,113,64
70,105,neg_x,131,49,956,neg_x,113,64
70,130,neg_x,125,79,990,neg_x,113,64
70,154,neg_x,134,53,959,neg_x,113,64
70,170,neg_x,110,59,960,neg_x,113,64
71,244,neg_x,85,211,958,neg_x,60,232
71,257,neg_x,89,214,980,neg_x,60,232
71,342,neg_x,58,233,345,neg_x,60,232
71,495,neg_x,83,238,257,neg_x,60,232
72,134,neg_y,95,225,963,neg_y,106,254
72,138,neg_y,108,250,331,neg_y,106,254
72,143,neg_y,72,228,967,neg_y,106,254
72,238,neg_y,113,235,957,neg_y,106,254
72,251,neg_y,72,239,961,neg_y,106,254
72,351,neg_y,100,225,963,neg_y,106,254
72,414,neg_y,84,245,955,neg_y,106,254
73,254,neg_x,130,2,946,neg_x,128,9
73,493,neg_x,115,19,221,neg_x,128,9
74,87,neg_x,37,67,287,neg_x,35,72
74,149,neg_x,24,82,226,neg_x,35,72
74,273,neg_x,5,86,936,neg_x,35,72
74,370,neg_x,0,82,933,neg_x,35,72
74,372,neg_x,1,86,934,neg_x,35,72
74,445,neg_x,25,89,1015,neg_x,35,72
75,178,pos_y,157,57,964,pos_y,151,59
75,189,pos_y,172,54,968,pos_y,151,59
75,339,pos_y,173,67,968,pos_y,151,59
75,340,pos_y,151,57,988,pos_y,151,59
75,447,pos_y,142,68,962,pos_y,151,59
75,456,pos_y,142,59,958,pos_y,151,59
76,276,pos_x,206,6,948,pos_x,190,23
76,289,pos_x,201,3,960,pos_x,190,23
76,357,pos_x,205,33,310,pos_x,190,23
76,451,pos_x,184,41,987,pos_x,190,23
77,204,pos_z,25,107,948,pos_z,30,105
77,334,pos_z,35,113,950,pos_z,30,105
77,450,pos_z,34,89,952,pos_z,30,105
77,460,pos_z,15,94,991,pos_z,30,105
78,81,neg_z,5,136,933,neg_z,2,165
78,240,pos_x,249,160,934,neg_z,2,165
78,269,neg_z,0,135,930,neg_z,2,165
79,93,pos_x,163,35,951,pos_x,176,31
79,260,pos_x,154,32,952,pos_x,176,31
80,122,pos_z,99,54,990,pos_z,114,82
80,448,pos_z,88,64,967,pos_z,114,82
81,108,neg_z,12,132,937,neg_z,26,169
81,210,neg_z,6,126,935,neg_z,26,169
82,89,neg_x,130,47,954,neg_x,129,23
82,170,neg_x,108,57,959,neg_x,129,23
82,223,neg_x,143,21,960,neg_x,129,23
82,321,neg_x,132,38,974,neg_x,129,23
82,322,neg_x,111,43,994,neg_x,129,23
82,390,neg_x,151,12,970,neg_x,129,23
82,493,neg_x,117,32,329,neg_x,129,23
83,103,neg_z,80,223,953,neg_z,86,214
83,117,neg_z,57,226,983,neg_z,86,214
83,205,neg_z,56,211,970,neg_z,86,214
83,241,neg_z,54,210,982,neg_z,86,214
83,262,neg_z,67,207,970,neg_z,86,214
83,315,neg_z,70,205,970,neg_z,86,214
84,95,pos_z,252,211,950,pos_z,245,235
84,118,pos_z,225,211,968,pos_z,245,235
85,130,neg_x,111,68,1011,neg_x,86,55
85,148,neg_x,111,85,985,neg_x,86,55
85,170,neg_x,106,64,990,neg_x,86,55
85,347,neg_x,104,75,971,neg_x,86,55
86,102,pos_z,16,136,940,pos_z,15,130
86,115,pos_z,15,137,940,pos_z,15,130
86,181,pos_z,23,114,947,pos_z,15,130
86,460,pos_z,9,111,984,pos_z,15,130
87,91,neg_x,46,53,1029,neg_x,31,34
87,96,neg_x,17,37,962,neg_x,31,34
87,144,neg_x,31,42,971,neg_x,31,34
87,165,neg_x,16,45,957,neg_x,31,34
87,261,neg_x,26,56,961,neg_x,31,34
87,326,neg_x,28,31,1030,neg_x,31,34
88,131,neg_x,244,84,205,neg_x,250,83
88,250,neg_x,253,72,937,neg_x,250,83
88,264,pos_z,3,64,940,neg_x,250,83
88,460,pos_z,8,99,983,neg_x,250,83
89,105,neg_x,134,49,957,neg_x,136,40
89,191,neg_x,155,38,967,neg_x,136,40
89,220,neg_x,156,35,990,neg_x,136,40
89,320,neg_x,153,22,962,neg_x,136,40
89,321,neg_x,148,23,961,neg_x,136,40
90,310,neg_z,69,170,275,neg_z,70,168
90,345,neg_z,60,156,962,neg_z,70,168
91,144,neg_x,45,52,264,neg_x,51,50
91,326,neg_x,38,29,999,neg_x,51,50
91,417,neg_x,53,27,965,neg_x,51,50
91,471,neg_x,59,32,960,neg_x,51,50
92,131,neg_x,251,97,935,neg_x,249,96
92,137,neg_x,248,102,936,neg_x,249,96
92,460,pos_z,6,107,233,neg_x,249,96
93,260,pos_x,151,37,952,pos_x,176,47
93,406,pos_x,164,64,300,pos_x,176,47
93,451,pos_x,176,52,1144,pos_x,176,47
94,125,pos_x,28,174,953,pos_x,36,164
94,162,pos_x,38,163,973,pos_x,36,164
94,270,pos_x,27,195,241,pos_x,36,164
94,336,pos_x,40,187,267,pos_x,36,164
95,335,pos_x,7,199,948,pos_x,16,223
96,165,neg_x,8,30,957,neg_x,10,16
96,326,neg_x,28,28,1029,neg_x,10,16
97,149,neg_x,2,110,323,neg_x,15,114
97,224,neg_x,2,119,931,neg_x,15,114
97,445,neg_x,22,92,970,neg_x,15,114
98,237,pos_y,52,237,956,pos_y,49,241
98,308,pos_y,49,244,959,pos_y,49,241
98,396,neg_z,219,251,978,pos_y,49,241
98,436,neg_z,234,243,248,pos_y,49,241
99,102,pos_z,35,119,950,pos_z,50,111
99,146,pos_z,47,129,954,pos_z,50,111
99,334,pos_z,36,115,950,pos_z,50,111
99,449,pos_z,48,105,955,pos_z,50,111
99,450,pos_z,47,104,956,pos_z,50,111
100,397,pos_y,215,173,958,pos_y,203,155
100,422,pos_y,201,146,958,pos_y,203,155
100,443,pos_y,203,162,960,pos_y,203,155
100,476,pos_y,209,173,959,pos_y,203,155
101,140,neg_y,255,75,934,neg_y,244,74
101,245,neg_y,250,59,976,neg_y,244,74
101,289,pos_x,193,1,957,neg_y,244,74
101,332,neg_y,245,75,306,neg_y,244,74
102,115,pos_z,16,138,940,pos_z,19,136
102,146,pos_z,37,133,951,pos_z,19,136
102,201,pos_z,19,138,940,pos_z,19,136
102,253,pos_z,23,138,943,pos_z,19,136
102,304,pos_z,28,138,210,pos_z,19,136
103,117,neg_z,75,240,945,neg_z,76,235
104,113,pos_z,18,44,958,pos_z,20,60
104,264,pos_z,8,54,947,pos_z,20,60
104,311,pos_z,17,42,959,pos_z,20,60
104,317,pos_z,8,44,216,pos_z,20,60
104,450,pos_z,22,66,1003,pos_z,20,60
105,154,neg_x,135,53,960,neg_x,164,50
105,187,neg_x,150,67,983,neg_x,164,50
105,191,neg_x,153,42,971,neg_x,164,50
106,110,neg_x,153,238,296,neg_x,146,240
106,175,neg_x,133,229,998,neg_x,146,240
106,367,neg_x,139,244,937,neg_x,146,240
107,343,neg_y,202,68,231,neg_y,191,66
107,494,neg_y,187,55,988,neg_y,191,66
108,210,neg_z,13,130,938,neg_z,40,117
108,452,neg_z,30,111,960,neg_z,40,117
109,141,pos_y,242,143,937,pos_y,237,124
109,195,pos_y,231,127,945,pos_y,237,124
110,175,neg_x,151,216,398,neg_x,152,216
110,301,neg_x,158,238,943,neg_x,152,216
111,119,pos_y,0,131,972,pos_y,6,130
111,172,neg_x,116,249,992,pos_y,6,130
111,188,pos_y,5,133,960,pos_y,6,130
111,295,pos_y,19,134,237,pos_y,6,130
111,323,pos_y,2,135,956,pos_y,6,130
111,353,pos_y,5,118,327,pos_y,6,130
111,388,pos_y,32,115,973,pos_y,6,130
111,455,pos_y,32,120,982,pos_y,6,130
111,490,pos_y,20,134,325,pos_y,6,130
111,499,pos_y,8,118,233,pos_y,6,130
112,198,pos_y,208,115,954,pos_y,202,110
112,422,pos_y,202,122,958,pos_y,202,110
112,442,pos_y,214,100,233,pos_y,202,110
113,208,pos_z,33,31,995,pos_z,33,44
113,311,pos_z,18,43,959,pos_z,33,44
113,450,pos_z,28,55,1010,pos_z,33,44
113,468,pos_z,35,44,1020,pos_z,33,44
114,163,neg_z,255,34,949,neg_z,246,38
114,302,neg_z,245,26,962,neg_z,246,38
115,201,pos_z,20,152,289,pos_z,8,137
115,206,pos_z,10,145,940,pos_z,8,137
116,294,pos_x,221,181,221,pos_x,227,185
117,481,neg_z,66,249,940,neg_z,70,248
118,277,pos_z,210,185,965,pos_z,216,195
119,172,neg_x,119,244,977,neg_x,120,247
119,325,neg_x,135,250,934,neg_x,120,247
119,353,pos_y,4,127,1025,neg_x,120,247
120,230,pos_y,182,92,970,pos_y,193,89
120,425,pos_y,202,79,986,pos_y,193,89
120,480,pos_y,189,106,984,pos_y,193,89
121,175,neg_x,142,213,1006,neg_x,140,207
121,495,neg_x,120,213,951,neg_x,140,207
122,234,pos_z,67,34,1006,pos_z,94,50
122,448,pos_z,97,53,1025,pos_z,94,50
122,459,pos_z,74,36,1015,pos_z,94,50
122,468,pos_z,73,42,984,pos_z,94,50
123,143,neg_y,54,224,986,neg_y,77,187
123,151,neg_y,57,215,991,neg_y,77,187
123,173,neg_y,65,202,995,neg_y,77,187
123,176,neg_y,78,194,992,neg_y,77,187
123,197,neg_y,53,225,989,neg_y,77,187
123,232,neg_y,78,177,992,neg_y,77,187
123,252,neg_y,73,197,988,neg_y,77,187
123,279,neg_y,75,196,991,neg_y,77,187
123,280,neg_y,52,214,998,neg_y,77,187
123,291,neg_y,54,225,986,neg_y,77,187
123,365,neg_y,50,221,996,neg_y,77,187
123,500,neg_y,65,189,995,neg_y,77,187
124,226,neg_z,171,92,242,neg_z,160,103
124,287,neg_z,162,88,974,neg_z,160,103
124,387,neg_z,175,113,233,neg_z,160,103
124,427,neg_z,179,100,261,neg_z,160,103
125,153,pos_x,23,173,949,pos_x,16,185
125,235,pos_x,8,192,945,pos_x,16,185
125,270,pos_x,13,194,216,pos_x,16,185
125,329,pos_x,9,193,947,pos_x,16,185
125,337,pos_x,8,194,946,pos_x,16,185
126,268,pos_z,183,147,989,pos_z,176,121
126,434,pos_z,187,132,961,pos_z,176,121
127,438,pos_z,151,1,944,neg_y,141,238
127,470,neg_y,162,252,948,neg_y,141,238
128,174,pos_y,233,249,1012,pos_y,206,227
128,248,pos_y,206,239,244,pos_y,206,227
128,333,pos_y,222,236,318,pos_y,206,227
128,355,pos_y,213,230,272,pos_y,206,227
128,356,pos_y,215,238,985,pos_y,206,227
128,481,pos_y,231,250,1048,pos_y,206,227
129,196,neg_x,69,105,979,neg_x,68,111
129,228,neg_x,60,109,976,neg_x,68,111
129,446,neg_x,67,103,978,neg_x,68,111
130,148,neg_x,123,82,991,neg_x,142,96
130,170,neg_x,111,67,1012,neg_x,142,96
130,271,neg_x,143,105,997,neg_x,142,96
130,347,neg_x,112,70,1008,neg_x,142,96
131,460,pos_z,6,104,981,neg_x,247,85
132,183,pos_x,214,0,947,pos_x,220,2
132,216,pos_x,242,4,965,pos_x,220,2
133,263,pos_y,0,243,963,pos_y,8,238
133,436,pos_y,14,232,967,pos_y,8,238
133,457,pos_y,1,225,951,pos_y,8,238
133,491,pos_y,10,227,961,pos_y,8,238
134,143,neg_y,72,227,968,neg_y,85,213
134,151,neg_y,74,214,983,neg_y,85,213
134,166,neg_y,89,217,244,neg_y,85,213
134,351,neg_y,96,224,964,neg_y,85,213
135,306,pos_z,224,89,983,pos_z,220,95
135,375,pos_z,218,101,225,pos_z,220,95
135,434,pos_z,208,109,955,pos_z,220,95
136,171,pos_z,196,67,998,pos_z,221,51
136,283,pos_z,199,64,974,pos_z,221,51
136,309,pos_z,205,64,973,pos_z,221,51
136,440,pos_z,226,34,978,pos_z,221,51
137,212,neg_x,244,117,937,neg_x,247,110
139,236,neg_z,18,218,963,neg_z,26,228
139,284,neg_z,25,234,972,neg_z,26,228
139,481,neg_z,26,234,971,neg_z,26,228
140,332,neg_y,250,80,1335,neg_y,252,80
141,418,pos_y,231,161,946,pos_y,231,147
141,465,pos_y,242,149,939,pos_y,231,147
142,168,neg_z,215,58,253,neg_z,220,50
142,180,neg_z,219,45,971,neg_z,220,50
142,369,neg_z,226,56,962,neg_z,220,50
143,151,neg_y,68,222,975,neg_y,58,218
143,251,neg_y,66,228,972,neg_y,58,218
143,291,neg_y,55,225,1004,neg_y,58,218
144,326,neg_x,40,43,998,neg_x,33,42
145,174,neg_z,7,249,1002,neg_z,10,246
145,284,neg_z,22,234,978,neg_z,10,246
145,348,neg_z,12,235,235,neg_z,10,246
145,481,neg_z,18,244,970,neg_z,10,246
146,304,pos_z,35,135,950,pos_z,36,135
147,271,neg_x,153,114,992,neg_x,172,127
147,274,neg_x,172,139,991,neg_x,172,127
148,347,neg_x,107,76,977,neg_x,110,75
149,273,neg_x,3,102,933,neg_x,1,105
149,372,neg_z,254,107,930,neg_x,1,105
149,445,neg_x,24,88,968,neg_x,1,105
150,338,pos_z,232,98,1234,pos_z,221,113
150,375,pos_z,225,103,952,pos_z,221,113
150,434,pos_z,234,106,943,pos_z,221,113
151,173,neg_y,71,213,980,neg_y,59,210
152,202,neg_y,211,34,969,neg_y,227,49
152,218,neg_y,226,41,970,neg_y,227,49
153,156,pos_x,10,178,296,pos_x,10,187
153,235,pos_x,8,189,944,pos_x,10,187
154,187,neg_x,151,68,983,neg_x,152,69
154,296,neg_x,160,73,251,neg_x,152,69
154,330,neg_x,159,70,986,neg_x,152,69
155,182,pos_y,143,31,949,pos_y,131,34
155,350,pos_y,132,32,958,pos_y,131,34
155,456,pos_y,144,32,947,pos_y,131,34
157,281,pos_y,60,98,972,pos_y,51,98
157,359,pos_y,62,106,233,pos_y,51,98
157,455,pos_y,43,111,1020,pos_y,51,98
158,266,pos_x,215,203,973,pos_x,208,217
158,297,pos_x,217,219,330,pos_x,208,217
158,349,pos_x,216,218,344,pos_x,208,217
159,217,pos_y,201,17,977,pos_y,194,5
159,479,pos_y,175,13,234,pos_y,194,5
160,241,neg_z,53,210,972,neg_z,68,192
161,389,pos_y,163,158,312,pos_y,147,155
161,429,pos_y,157,170,454,pos_y,147,155
161,443,pos_y,163,159,354,pos_y,147,155
162,193,pos_x,22,139,970,pos_x,36,159
162,194,pos_x,41,158,1020,pos_x,36,159
163,165,neg_x,1,32,215,neg_x,6,41
164,238,neg_y,117,228,225,neg_y,123,215
166,176,neg_y,90,203,252,neg_y,96,207
166,231,neg_y,97,205,983,neg_y,96,207
166,351,neg_y,96,223,965,neg_y,96,207
167,208,pos_z,46,26,999,pos_z,42,14
167,234,pos_z,51,29,998,pos_z,42,14
167,468,pos_z,51,32,1018,pos_z,42,14
168,180,neg_z,216,45,972,neg_z,209,53
168,475,neg_z,202,38,971,neg_z,209,53
168,483,neg_z,211,62,237,neg_z,209,53
169,206,pos_z,1,143,461,neg_x,255,144
169,233,neg_x,247,145,960,neg_x,255,144
169,319,neg_x,247,138,251,neg_x,255,144
170,322,neg_x,99,51,1013,neg_x,109,64
171,283,pos_z,195,65,975,pos_z,189,68
172,325,neg_x,124,239,982,neg_x,114,244
172,354,neg_x,125,236,999,neg_x,114,244
172,444,neg_x,105,245,359,neg_x,114,244
173,252,neg_y,73,207,991,neg_y,61,208
174,481,pos_y,239,255,983,neg_z,2,251
175,367,neg_x,132,229,980,neg_x,151,207
175,495,neg_x,130,228,1011,neg_x,151,207
176,231,neg_y,92,199,987,neg_y,87,209
176,232,neg_y,82,191,993,neg_y,87,209
176,279,neg_y,84,205,977,neg_y,87,209
177,200,neg_y,215,192,984,neg_y,218,202
177,278,neg_y,208,200,273,neg_y,218,202
177,290,neg_y,223,198,982,neg_y,218,202
178,189,pos_y,171,50,971,pos_y,164,49
178,340,pos_y,159,48,960,pos_y,164,49
179,184,pos_x,254,61,976,pos_x,244,52
179,357,pos_x,225,40,321,pos_x,244,52
180,368,neg_z,226,31,980,neg_z,222,42
180,475,neg_z,209,39,974,neg_z,222,42
181,204,pos_z,24,110,948,pos_z,24,111
181,460,pos_z,13,100,989,pos_z,24,111
182,340,pos_y,159,45,1285,pos_y,151,34
182,456,pos_y,145,32,947,pos_y,151,34
183,245,neg_y,252,49,966,pos_x,214,3
183,272,pos_x,209,0,945,pos_x,214,3
184,452,neg_z,21,98,976,neg_z,14,77
185,194,pos_x,57,158,229,pos_x,52,164
185,316,pos_x,64,159,551,pos_x,52,164
186,198,pos_y,211,116,267,pos_y,212,116
186,207,pos_y,216,119,949,pos_y,212,116
187,330,neg_x,160,68,986,neg_x,164,55
188,295,pos_y,15,142,940,pos_y,20,148
188,323,pos_y,13,145,939,pos_y,20,148
188,472,pos_y,20,153,942,pos_y,20,148
189,225,pos_y,190,53,249,pos_y,175,58
190,202,neg_y,202,39,969,neg_y,208,31
190,239,neg_y,191,38,255,neg_y,208,31
190,259,neg_y,188,36,999,neg_y,208,31
191,220,neg_x,162,38,282,neg_x,161,46
192,254,neg_x,129,2,946,neg_x,126,1
192,286,neg_x,122,1,946,neg_x,126,1
192,493,neg_x,110,16,1045,neg_x,126,1
194,316,pos_x,54,150,961,pos_x,44,166
195,300,pos_y,226,124,211,pos_y,235,123
196,228,neg_x,73,123,999,neg_x,74,124
196,346,neg_x,83,121,250,neg_x,74,124
196,446,neg_x,69,104,978,neg_x,74,124
197,291,neg_y,53,229,986,neg_y,43,226
197,365,neg_y,49,225,1002,neg_y,43,226
198,422,pos_y,210,118,952,pos_y,209,117
199,423,pos_y,82,220,1000,pos_y,85,205
199,467,pos_y,73,201,972,pos_y,85,205
199,473,pos_y,78,196,233,pos_y,85,205
200,278,neg_y,208,195,259,neg_y,209,190
200,298,neg_y,209,181,245,neg_y,209,190
201,253,pos_z,23,139,943,pos_z,35,150
203,316,pos_x,55,142,960,pos_x,56,132
203,327,pos_x,49,119,223,pos_x,56,132
204,460,pos_z,14,97,990,pos_z,30,116
205,241,neg_z,56,210,971,neg_z,66,204
205,262,neg_z,59,211,971,neg_z,66,204
206,400,pos_z,12,158,993,pos_z,3,142
207,324,pos_y,220,119,949,pos_y,231,109
207,486,pos_y,238,102,209,pos_y,231,109
208,468,pos_z,41,36,1028,pos_z,44,26
209,246,pos_y,36,164,952,pos_y,32,175
209,403,pos_y,39,164,953,pos_y,32,175
209,420,pos_y,27,180,1004,pos_y,32,175
209,487,pos_y,28,180,953,pos_y,32,175
211,312,pos_z,100,145,971,pos_z,104,147
211,441,pos_z,99,144,973,pos_z,104,147
211,474,pos_z,100,143,970,pos_z,104,147
212,256,neg_x,245,119,940,neg_x,246,118
213,219,pos_z,173,95,971,pos_z,179,103
214,245,neg_y,255,51,1037,pos_x,210,7
214,275,pos_x,208,3,947,pos_x,210,7
214,276,pos_x,206,4,947,pos_x,210,7
214,289,pos_x,203,1,960,pos_x,210,7
215,222,neg_y,140,187,978,neg_y,124,179
215,360,neg_y,110,174,988,neg_y,124,179
216,314,neg_z,6,0,230,neg_z,3,6
217,242,pos_y,213,32,286,pos_y,208,14
217,484,pos_y,211,37,1031,pos_y,208,14
218,318,neg_y,231,35,968,neg_y,231,49
220,320,neg_x,166,21,962,neg_x,158,34
221,236,neg_z,18,213,963,neg_z,15,211
221,305,neg_z,19,204,272,neg_z,15,211
223,321,neg_x,146,22,961,neg_x,144,24
224,433,neg_z,255,137,930,neg_x,7,126
225,247,pos_y,189,57,239,pos_y,186,61
225,307,pos_y,181,62,970,pos_y,186,61
226,287,neg_z,173,79,265,neg_z,173,83
227,259,neg_y,192,31,958,neg_y,201,22
227,373,neg_y,206,14,233,neg_y,201,22
228,293,neg_x,58,111,976,neg_x,71,124
229,288,neg_y,214,84,958,neg_y,215,96
229,362,neg_y,204,89,967,neg_y,215,96
230,247,pos_y,192,74,236,pos_y,183,87
230,331,pos_y,179,90,969,pos_y,183,87
231,232,neg_y,84,190,994,neg_y,85,190
231,352,neg_y,98,201,982,neg_y,85,190
232,341,neg_y,92,175,993,neg_y,86,185
232,352,neg_y,87,188,999,neg_y,86,185
232,360,neg_y,91,185,993,neg_y,86,185
234,459,pos_z,69,28,1023,pos_z,58,25
234,468,pos_z,54,33,1012,pos_z,58,25
237,285,pos_y,57,237,963,pos_y,57,237
238,351,neg_y,106,225,962,neg_y,115,218
239,259,neg_y,192,36,961,neg_y,207,30
240,269,pos_x,247,142,935,pos_x,246,152
242,411,pos_y,226,40,1100,pos_y,221,28
242,484,pos_y,221,40,996,pos_y,221,28
243,359,pos_y,61,126,964,pos_y,52,142
243,454,pos_y,48,142,967,pos_y,52,142
243,458,pos_y,62,149,961,pos_y,52,142
244,257,neg_x,90,205,227,neg_x,81,199
245,272,neg_y,253,50,967,neg_y,246,52
245,275,neg_y,254,50,959,neg_y,246,52
245,289,neg_y,255,51,972,neg_y,246,52
246,420,pos_y,27,176,952,pos_y,33,164
246,472,pos_y,25,168,276,pos_y,33,164
247,307,pos_y,188,77,248,pos_y,194,70
251,291,neg_y,63,234,968,neg_y,66,237
251,414,neg_y,71,240,992,neg_y,66,237
252,279,neg_y,82,203,983,neg_y,72,198
253,304,pos_z,31,141,213,pos_z,34,150
254,493,neg_x,115,18,956,neg_x,118,15
256,319,neg_x,244,125,944,neg_x,252,124
257,495,neg_x,96,213,956,neg_x,98,208
258,422,pos_y,178,136,549,pos_y,181,130
258,435,pos_y,175,121,964,pos_y,181,130
258,480,pos_y,184,118,975,pos_y,181,130
262,315,neg_z,67,206,970,neg_z,76,197
263,292,neg_z,253,255,969,pos_y,9,244
263,436,pos_y,10,245,973,pos_y,9,244
264,450,pos_z,20,70,999,pos_z,10,59
264,460,pos_z,16,72,1036,pos_z,10,59
265,346,neg_x,88,117,259,neg_x,93,112
265,430,neg_x,97,101,991,neg_x,93,112
266,297,pos_x,217,202,970,pos_x,216,202
266,349,pos_x,217,204,972,pos_x,216,202
267,374,pos_x,9,34,961,pos_x,20,34
268,434,pos_z,197,157,961,pos_z,195,163
270,329,pos_x,15,196,219,pos_x,20,196
272,275,pos_x,208,1,946,neg_y,255,48
273,372,neg_x,3,97,198,neg_x,7,98
276,289,pos_x,202,2,960,pos_x,208,6
276,357,pos_x,224,23,1272,pos_x,208,6
278,298,neg_y,199,181,996,neg_y,199,199
280,365,neg_y,51,216,1017,neg_y,46,206
281,388,pos_y,39,101,977,pos_y,51,93
282,293,neg_x,68,126,275,neg_x,67,128
284,348,neg_z,20,232,975,neg_z,21,232
285,308,pos_y,54,240,962,pos_y,63,239
286,358,neg_x,120,1,947,neg_x,121,0
288,361,neg_y,215,82,957,neg_y,212,81
288,362,neg_y,209,77,224,neg_y,212,81
290,462,neg_y,237,200,959,neg_y,225,206
292,371,pos_y,5,255,953,pos_y,11,247
292,436,pos_y,12,247,970,pos_y,11,247
295,490,pos_y,22,136,968,pos_y,21,139
296,330,neg_x,161,69,986,neg_x,167,65
296,364,neg_x,176,68,999,neg_x,167,65
297,349,pos_x,223,209,239,pos_x,220,225
298,416,neg_y,214,166,971,neg_y,203,173
299,395,neg_x,51,237,968,neg_x,38,238
299,439,neg_x,20,225,989,neg_x,38,238
299,457,neg_x,43,244,285,neg_x,38,238
300,324,pos_y,219,122,948,pos_y,224,119
302,368,neg_z,243,24,970,neg_z,241,26
303,312,pos_z,95,145,969,pos_z,99,154
303,441,pos_z,89,144,967,pos_z,99,154
306,338,pos_z,232,88,217,pos_z,230,83
311,317,pos_z,11,35,959,pos_z,16,29
312,441,pos_z,95,144,969,pos_z,102,153
313,364,neg_x,185,71,560,neg_x,190,75
313,405,neg_x,195,90,248,neg_x,190,75
318,373,neg_y,221,19,966,neg_y,227,27
322,471,neg_x,87,48,1004,neg_x,106,43
322,493,neg_x,108,39,324,neg_x,106,43
323,472,pos_y,13,147,939,pos_y,9,142
325,354,neg_x,136,247,937,neg_x,128,240
328,336,pos_x,49,182,969,pos_x,54,185
329,337,pos_x,9,195,948,pos_x,17,201
330,364,neg_x,174,62,282,neg_x,169,59
333,355,pos_y,222,227,976,pos_y,225,221
333,356,pos_y,224,228,976,pos_y,225,221
333,485,pos_y,230,225,975,pos_y,225,221
334,450,pos_z,46,102,956,pos_z,36,115
335,337,pos_x,7,196,946,pos_x,14,206
338,434,pos_z,234,97,946,pos_z,243,87
339,447,pos_y,165,79,970,pos_y,172,74
340,456,pos_y,148,57,961,pos_y,161,47
341,466,neg_y,74,163,250,neg_y,91,163
343,344,neg_y,208,69,963,neg_y,197,76
344,362,neg_y,208,73,962,neg_y,199,80
345,363,neg_z,63,156,964,neg_z,71,167
350,456,pos_y,119,42,963,pos_y,118,40
352,360,neg_y,97,193,988,neg_y,91,191
353,499,pos_y,5,117,1058,pos_y,3,125
354,367,neg_x,128,233,261,neg_x,130,238
354,495,neg_x,128,231,1074,neg_x,130,238
355,356,pos_y,223,228,977,pos_y,214,227
358,489,neg_x,106,2,950,neg_x,119,0
360,419,neg_y,103,166,993,neg_y,95,191
360,469,neg_y,118,190,984,neg_y,95,191
367,495,neg_x,128,231,987,neg_x,131,238
370,492,neg_z,252,67,938,neg_x,5,66
371,436,neg_z,240,255,959,neg_z,251,252
374,461,pos_z,254,35,978,pos_x,3,29
375,434,pos_z,216,112,952,pos_z,220,102
377,411,pos_y,242,46,1001,pos_y,252,45
378,419,neg_y,109,129,276,neg_y,113,121
379,439,neg_z,245,204,961,neg_z,215,199
380,428,pos_y,111,106,969,pos_y,111,113
380,453,pos_y,115,115,971,pos_y,111,113
381,411,pos_y,228,60,991,pos_y,219,68
382,410,pos_z,140,150,1026,pos_z,141,140
382,474,pos_z,137,136,991,pos_z,141,140
383,497,neg_x,35,142,969,neg_x,37,143
384,483,neg_z,209,79,257,neg_z,209,87
385,476,pos_y,171,176,253,pos_y,176,179
386,428,pos_y,130,99,231,pos_y,139,103
386,435,pos_y,157,101,233,pos_y,139,103
386,447,pos_y,141,88,241,pos_y,139,103
386,453,pos_y,145,116,969,pos_y,139,103
386,488,pos_y,149,91,520,pos_y,139,103
387,427,neg_z,179,111,234,neg_z,185,122
388,455,pos_y,38,113,1044,pos_y,27,111
389,422,pos_y,175,139,468,pos_y,173,150
389,443,pos_y,174,150,275,pos_y,173,150
391,398,neg_z,209,186,1001,neg_z,194,161
391,421,neg_z,186,180,988,neg_z,194,161
392,403,pos_y,52,181,229,pos_y,52,194
392,467,pos_y,61,205,968,pos_y,52,194
392,473,pos_y,61,204,233,pos_y,52,194
392,478,pos_y,45,205,972,pos_y,52,194
392,487,pos_y,44,193,229,pos_y,52,194
393,470,neg_y,173,250,954,neg_y,177,251
394,448,pos_z,75,64,236,pos_z,62,73
394,449,pos_z,54,90,225,pos_z,62,73
394,450,pos_z,51,76,228,pos_z,62,73
394,468,pos_z,50,59,234,pos_z,62,73
395,420,pos_y,0,181,933,neg_x,67,240
395,444,neg_x,76,252,943,neg_x,67,240
395,457,pos_y,2,214,210,neg_x,67,240
395,491,pos_y,7,199,209,neg_x,67,240
397,476,pos_y,209,174,960,pos_y,208,182
398,433,neg_z,248,172,969,neg_z,243,192
400,408,pos_z,31,183,1005,pos_z,16,165
401,470,neg_y,164,229,964,neg_y,164,223
402,428,pos_y,107,90,271,pos_y,106,85
403,454,pos_y,40,155,955,pos_y,54,169
403,458,pos_y,60,160,963,pos_y,54,169
403,473,pos_y,62,182,234,pos_y,54,169
403,487,pos_y,39,171,221,pos_y,54,169
404,453,pos_y,128,135,970,pos_y,127,139
407,456,pos_y,110,57,961,pos_y,107,58
409,474,pos_z,124,119,972,pos_z,132,119
410,474,pos_z,126,155,970,pos_z,136,162
411,484,pos_y,222,47,341,pos_y,232,47
412,463,neg_y,221,231,276,neg_y,214,234
412,482,neg_y,208,233,977,neg_y,214,234
413,482,neg_y,187,216,977,neg_y,187,209
420,444,neg_x,77,253,206,pos_y,14,181
420,472,pos_y,12,165,204,pos_y,14,181
420,487,pos_y,21,196,952,pos_y,14,181
420,491,pos_y,8,191,941,pos_y,14,181
422,443,pos_y,187,144,228,pos_y,194,132
423,467,pos_y,76,222,970,pos_y,78,226
424,463,neg_y,238,215,1027,neg_y,243,219
428,447,pos_y,132,81,228,pos_y,126,93
428,453,pos_y,123,111,968,pos_y,126,93
429,443,pos_y,159,173,1028,pos_y,153,179
429,476,pos_y,159,177,1017,pos_y,153,179
431,458,pos_y,86,158,971,pos_y,90,159
432,497,neg_x,38,126,974,neg_x,40,118
435,488,pos_y,165,101,232,pos_y,162,111
436,491,pos_y,15,230,967,pos_y,26,225
438,470,neg_y,163,253,950,pos_z,160,0
441,449,pos_z,80,111,231,pos_z,85,127
441,474,pos_z,99,135,236,pos_z,85,127
443,476,pos_y,204,164,225,pos_y,181,172
444,495,neg_x,99,241,361,neg_x,88,241
447,488,pos_y,150,89,232,pos_y,149,80
448,449,pos_z,82,87,522,pos_z,88,76
448,468,pos_z,79,60,234,pos_z,88,76
449,450,pos_z,48,96,221,pos_z,73,97
450,460,pos_z,19,78,1001,pos_z,38,79
450,468,pos_z,46,57,235,pos_z,38,79
454,458,pos_y,51,153,964,pos_y,43,146
455,490,pos_y,35,128,604,pos_y,40,121
457,491,pos_y,5,215,213,neg_x,34,250
463,482,neg_y,212,228,247,neg_y,228,232
464,497,neg_x,32,153,972,neg_x,30,161
467,473,pos_y,68,201,967,pos_y,81,218
467,478,pos_y,51,212,235,pos_y,81,218
469,498,neg_y,154,199,995,neg_y,136,195
471,493,neg_x,93,29,949,neg_x,77,40
478,487,pos_y,28,212,965,pos_y,43,208
