river_id,river_name,step,face,u,v,distance_blocks,terrain_elevation,bed_elevation,water_surface,discharge,width,depth,stream_order,tributaries,lake_id,ocean_id,sink_name
211,Varmere River,0,neg_x,141,58,0.000,68.809,66.646,68.000,1300.24426,3.320,1.350,1,0,0,0,The World Ocean
211,Varmere River,1,neg_x,142,59,41.709,68.516,66.605,68.000,1546.60608,3.520,1.400,1,1,0,0,The World Ocean
211,Varmere River,2,neg_x,143,60,83.402,68.317,65.382,67.000,1854.56506,3.330,1.620,1,1,0,0,The World Ocean
211,Varmere River,3,neg_x,144,61,125.078,68.090,65.368,67.000,1940.82690,3.390,1.630,1,1,0,0,The World Ocean
211,Varmere River,4,neg_x,145,62,166.739,67.912,65.361,67.000,1992.53845,3.420,1.640,1,1,0,0,The World Ocean
211,Varmere River,5,neg_x,146,63,208.385,67.750,65.355,67.000,2032.96667,3.440,1.650,1,1,0,0,The World Ocean
211,Varmere River,6,neg_x,147,64,250.018,67.526,65.346,67.000,2091.05518,3.480,1.650,1,1,0,0,The World Ocean
211,Varmere River,7,neg_x,148,64,277.778,67.244,64.123,66.000,4060.85815,4.450,1.880,2,2,0,0,The World Ocean
211,Varmere River,8,neg_x,149,64,305.555,67.015,63.954,66.000,6223.28613,5.280,2.050,2,2,0,0,The World Ocean
211,Varmere River,9,neg_x,150,63,346.568,66.680,63.696,66.000,10873.40820,6.660,2.300,2,3,0,0,The World Ocean
211,Varmere River,10,neg_x,151,62,387.582,66.358,63.500,66.000,15682.32617,7.800,2.500,2,3,0,0,The World Ocean
211,Varmere River,11,neg_x,152,62,415.332,66.153,62.397,65.000,18739.02148,8.430,2.600,2,2,0,0,The World Ocean
211,Varmere River,12,neg_x,153,61,456.330,65.859,62.264,65.000,23261.21875,9.280,2.740,2,3,0,0,The World Ocean
211,Varmere River,13,neg_x,154,61,484.078,65.656,62.174,65.000,26700.95703,9.870,2.830,2,2,0,0,The World Ocean
211,Varmere River,14,neg_x,155,60,525.060,65.357,62.080,65.000,30663.10742,10.500,2.920,2,3,0,0,The World Ocean
211,Varmere River,15,neg_x,156,59,566.040,65.054,62.031,65.000,32849.30078,10.840,2.970,2,1,0,0,The World Ocean
211,Varmere River,16,neg_x,157,58,607.020,64.744,61.979,65.000,35348.45312,11.210,3.020,2,1,0,0,The World Ocean
211,Varmere River,17,neg_x,158,57,647.998,64.556,61.923,65.000,38117.48438,11.600,3.080,2,1,0,0,The World Ocean
211,Varmere River,18,neg_x,159,56,688.974,64.506,61.867,65.000,41108.75781,12.010,3.130,2,1,0,0,The World Ocean
211,Varmere River,19,neg_x,160,55,729.948,64.487,61.821,65.000,43605.94922,12.340,3.180,2,1,0,0,The World Ocean
211,Varmere River,20,neg_x,161,54,770.919,64.437,61.776,65.000,46182.89453,12.670,3.220,2,1,0,0,The World Ocean
211,Varmere River,21,neg_x,162,53,811.886,64.415,61.742,65.000,48204.37109,12.920,3.260,2,1,0,0,The World Ocean
211,Varmere River,22,neg_x,163,52,852.849,64.423,61.240,65.000,85645.77344,16.890,3.760,3,2,0,0,The World Ocean
211,Varmere River,23,neg_x,164,51,893.808,64.383,61.219,65.000,87535.44531,17.060,3.780,3,1,0,0,The World Ocean
211,Varmere River,24,neg_x,165,51,921.367,64.365,61.196,65.000,89599.78125,17.250,3.800,3,1,0,0,The World Ocean
211,Varmere River,25,neg_x,166,50,962.296,64.350,61.194,64.000,90303.00000,30.300,2.740,3,1,0,0,The World Ocean
34,Isun River,0,pos_x,249,54,0.000,87.016,83.888,86.000,12407.79883,7.910,2.110,1,0,0,0,The World Ocean
34,Isun River,1,pos_x,248,53,47.009,86.778,83.789,86.000,15226.91895,8.640,2.210,2,2,0,0,The World Ocean
34,Isun River,2,pos_x,247,52,93.873,86.400,83.755,86.000,16303.04004,8.910,2.250,2,1,0,0,The World Ocean
34,Isun River,3,pos_x,246,51,140.599,84.971,80.902,84.000,62896.41797,16.420,3.100,2,3,0,0,The World Ocean
34,Isun River,4,pos_x,247,50,180.025,85.095,80.895,84.000,63484.91797,16.490,3.100,2,1,0,0,The World Ocean
34,Isun River,5,pos_x,248,49,219.342,81.041,76.882,80.000,64537.92578,16.610,3.120,2,1,0,0,The World Ocean
34,Isun River,6,pos_x,249,48,258.545,76.561,72.868,76.000,65724.50000,16.760,3.130,2,1,0,0,The World Ocean
34,Isun River,7,pos_x,250,47,297.625,69.387,65.848,69.000,67404.29688,16.950,3.150,2,1,0,0,The World Ocean
34,Isun River,8,pos_x,251,46,336.577,64.350,61.392,64.000,73911.38281,27.580,2.610,2,2,0,0,The World Ocean
580,Moros River,0,pos_z,96,67,0.000,68.748,66.650,68.000,1280.34216,3.300,1.350,1,0,0,0,The World Ocean
580,Moros River,1,pos_z,97,68,40.829,68.571,66.454,68.000,1432.95764,3.050,1.550,1,1,0,0,The World Ocean
580,Moros River,2,pos_z,98,68,68.947,68.469,66.306,68.000,2382.50928,3.640,1.690,1,1,0,0,The World Ocean
580,Moros River,3,pos_z,99,68,97.040,68.441,66.181,68.000,3464.14771,4.190,1.820,1,1,0,0,The World Ocean
580,Moros River,4,pos_z,100,69,137.898,68.371,66.170,68.000,3576.64502,4.240,1.830,1,1,0,0,The World Ocean
580,Moros River,5,pos_z,101,68,179.516,68.263,64.716,67.000,10434.77930,6.540,2.280,2,3,0,0,The World Ocean
580,Moros River,6,pos_z,102,69,220.400,68.171,64.701,67.000,10762.65625,6.630,2.300,2,1,0,0,The World Ocean
580,Moros River,7,pos_z,103,70,261.286,68.119,64.687,67.000,11070.81543,6.710,2.310,2,1,0,0,The World Ocean
580,Moros River,8,pos_z,104,71,302.173,68.129,64.679,67.000,11233.89844,6.750,2.320,2,1,0,0,The World Ocean
580,Moros River,9,pos_z,105,71,330.247,68.125,64.673,67.000,11376.32910,6.790,2.330,2,1,0,0,The World Ocean
580,Moros River,10,pos_z,106,71,358.302,68.087,64.313,67.000,21511.39453,8.960,2.690,3,3,0,0,The World Ocean
580,Moros River,11,pos_z,107,72,399.213,68.077,64.303,67.000,21851.70508,9.020,2.700,3,1,0,0,The World Ocean
580,Moros River,12,pos_z,108,73,440.124,68.072,64.227,67.000,24612.81250,9.510,2.770,3,2,0,0,The World Ocean
580,Moros River,13,pos_z,109,74,481.035,68.054,64.216,67.000,25055.20312,9.590,2.780,3,1,0,0,The World Ocean
580,Moros River,14,pos_z,110,75,521.945,68.063,64.207,67.000,25396.25195,9.650,2.790,3,1,0,0,The World Ocean
580,Moros River,15,pos_z,111,74,563.274,68.018,64.196,67.000,25820.54297,9.720,2.800,3,1,0,0,The World Ocean
580,Moros River,16,pos_z,112,75,604.206,68.043,64.185,67.000,26247.55469,9.790,2.810,3,1,0,0,The World Ocean
580,Moros River,17,pos_z,113,76,645.136,67.734,64.146,67.000,27831.79297,10.050,2.850,3,2,0,0,The World Ocean
580,Moros River,18,pos_z,114,76,673.238,67.478,64.133,67.000,28395.37500,10.150,2.870,3,1,0,0,The World Ocean
580,Moros River,19,pos_z,115,76,701.330,67.143,62.923,66.000,38136.39844,11.600,3.080,3,2,0,0,The World Ocean
580,Moros River,20,pos_z,116,76,729.411,66.652,62.798,66.000,44919.67188,12.510,3.200,3,2,0,0,The World Ocean
580,Moros River,21,pos_z,117,75,770.641,65.952,61.751,65.000,47699.44922,12.860,3.250,3,2,0,0,The World Ocean
580,Moros River,22,pos_z,118,74,811.879,65.519,61.715,65.000,49889.37891,13.130,3.290,3,2,0,0,The World Ocean
580,Moros River,23,pos_z,119,73,853.124,64.350,61.626,64.000,50597.40625,23.120,2.370,3,1,0,0,The World Ocean
170,Haros River,0,pos_x,8,221,0.000,66.992,64.536,66.000,1039.68616,2.750,1.460,1,0,0,0,The World Ocean
170,Haros River,1,pos_x,9,222,47.053,66.607,64.529,66.000,1067.47290,2.770,1.470,1,1,0,0,The World Ocean
170,Haros River,2,pos_x,10,223,94.013,66.276,63.526,65.000,1082.64514,2.780,1.470,1,1,0,0,The World Ocean
170,Haros River,3,pos_x,11,224,140.887,65.718,63.051,65.000,4907.83203,4.800,1.950,2,2,0,0,The World Ocean
170,Haros River,4,pos_x,12,223,177.939,65.429,62.879,65.000,7400.64551,5.670,2.120,2,3,0,0,The World Ocean
170,Haros River,5,pos_x,13,222,215.184,65.155,62.737,65.000,9999.24512,6.420,2.260,2,3,0,0,The World Ocean
170,Haros River,6,pos_x,14,222,247.033,64.921,62.670,65.000,11435.33984,6.800,2.330,2,2,0,0,The World Ocean
170,Haros River,7,pos_x,15,221,284.518,64.631,62.558,65.000,14139.50781,7.450,2.440,2,3,0,0,The World Ocean
170,Haros River,8,pos_x,16,220,322.175,64.511,62.447,65.000,17226.88672,8.120,2.550,2,3,0,0,The World Ocean
170,Haros River,9,pos_x,17,220,353.836,64.487,62.374,65.000,19478.87109,8.570,2.630,2,2,0,0,The World Ocean
170,Haros River,10,pos_x,18,219,391.706,64.435,62.251,65.000,23745.65820,9.360,2.750,2,3,0,0,The World Ocean
170,Haros River,11,pos_x,19,219,423.211,64.466,62.184,65.000,26302.37305,9.800,2.820,2,2,0,0,The World Ocean
170,Haros River,12,pos_x,20,218,461.281,64.458,62.102,65.000,29716.08398,10.360,2.900,2,2,0,0,The World Ocean
170,Haros River,13,pos_x,21,217,499.494,64.442,62.095,65.000,29977.57617,10.400,2.900,2,1,0,0,The World Ocean
170,Haros River,14,pos_x,21,216,527.537,64.420,62.083,65.000,30512.35547,10.480,2.920,2,1,0,0,The World Ocean
170,Haros River,15,pos_x,22,215,565.977,64.366,61.765,65.000,46844.46094,12.750,3.230,3,3,0,0,The World Ocean
170,Haros River,16,pos_x,23,216,611.429,64.350,61.660,64.000,47760.48438,22.510,2.340,3,1,0,0,The World Ocean
561,Baresh River,0,pos_z,203,64,0.000,69.698,67.700,69.000,1024.26367,3.070,1.300,1,0,0,0,The World Ocean
561,Baresh River,1,pos_z,204,63,40.268,69.467,67.681,69.000,1114.11426,3.150,1.320,1,1,0,0,The World Ocean
561,Baresh River,2,pos_z,205,62,80.503,69.223,66.661,68.000,1221.84253,3.250,1.340,1,1,0,0,The World Ocean
561,Baresh River,3,pos_z,206,61,120.701,68.977,66.643,68.000,1317.18347,3.330,1.360,1,1,0,0,The World Ocean
561,Baresh River,4,pos_z,207,60,160.862,68.741,66.625,68.000,1421.00806,3.420,1.370,1,1,0,0,The World Ocean
561,Baresh River,5,pos_z,208,59,200.982,68.535,66.427,68.000,1581.41077,3.150,1.570,1,1,0,0,The World Ocean
561,Baresh River,6,pos_z,209,58,241.061,68.239,65.404,67.000,1713.67334,3.240,1.600,1,1,0,0,The World Ocean
561,Baresh River,7,pos_z,210,57,281.095,67.911,65.377,67.000,1887.53540,3.350,1.620,1,1,0,0,The World Ocean
561,Baresh River,8,pos_z,211,56,321.082,67.547,65.344,67.000,2102.34619,3.480,1.660,1,1,0,0,The World Ocean
561,Baresh River,9,pos_z,212,55,361.019,67.151,64.309,66.000,2354.88574,3.630,1.690,1,1,0,0,The World Ocean
561,Baresh River,10,pos_z,213,54,400.905,66.729,64.273,66.000,2642.12891,3.790,1.730,1,1,0,0,The World Ocean
561,Baresh River,11,pos_z,214,53,440.735,66.290,63.235,65.000,2961.44141,3.950,1.760,1,1,0,0,The World Ocean
561,Baresh River,12,pos_z,215,52,480.508,65.845,63.197,65.000,3308.31348,4.120,1.800,1,1,0,0,The World Ocean
561,Baresh River,13,pos_z,216,51,520.219,65.372,63.160,65.000,3678.09009,4.290,1.840,1,1,0,0,The World Ocean
561,Baresh River,14,pos_z,217,50,559.866,64.815,63.123,65.000,4065.60571,4.460,1.880,1,1,0,0,The World Ocean
561,Baresh River,15,pos_z,218,49,599.446,64.470,62.124,65.000,28743.51172,10.200,2.880,3,3,0,0,The World Ocean
561,Baresh River,16,pos_z,219,49,630.043,64.455,62.041,65.000,32401.05078,10.770,2.960,3,2,0,0,The World Ocean
561,Baresh River,17,pos_z,220,48,669.528,64.437,61.998,65.000,34419.51562,11.070,3.000,3,2,0,0,The World Ocean
561,Baresh River,18,pos_z,221,48,700.252,64.409,61.827,65.000,43296.84766,12.300,3.170,3,4,0,0,The World Ocean
561,Baresh River,19,pos_z,222,49,744.611,64.368,61.817,65.000,43823.07422,12.360,3.180,3,1,0,0,The World Ocean
561,Baresh River,20,pos_z,223,48,784.028,64.350,61.702,64.000,44355.97266,21.760,2.300,3,1,0,0,The World Ocean
218,Aleth River,0,neg_x,166,62,0.000,64.758,63.465,65.000,1375.34814,3.010,1.540,1,0,0,0,The World Ocean
218,Aleth River,1,neg_x,167,61,40.765,64.609,63.384,65.000,1842.66333,3.330,1.620,1,1,0,0,The World Ocean
218,Aleth River,2,neg_x,168,60,81.523,64.472,63.304,65.000,2400.16748,3.650,1.700,1,1,0,0,The World Ocean
218,Aleth River,3,neg_x,167,59,123.642,64.435,63.229,65.000,3012.48413,3.970,1.770,1,1,0,0,The World Ocean
218,Aleth River,4,neg_x,166,58,165.777,64.428,63.160,65.000,3674.41895,4.290,1.840,1,1,0,0,The World Ocean
218,Aleth River,5,neg_x,165,58,193.702,64.425,62.448,65.000,17177.82227,8.110,2.550,2,4,0,0,The World Ocean
218,Aleth River,6,neg_x,164,57,235.837,64.425,62.244,65.000,23975.05078,9.400,2.760,2,3,0,0,The World Ocean
218,Aleth River,7,neg_x,163,56,277.990,64.425,62.057,65.000,31682.92383,10.660,2.940,2,3,0,0,The World Ocean
218,Aleth River,8,neg_x,163,55,308.924,64.431,61.931,65.000,37709.37891,11.540,3.070,2,2,0,0,The World Ocean
218,Aleth River,9,neg_x,164,54,349.831,64.354,61.875,65.000,40679.21875,11.950,3.130,2,1,0,0,The World Ocean
218,Aleth River,10,neg_x,165,53,390.733,64.392,61.860,65.000,41464.77734,12.050,3.140,2,1,0,0,The World Ocean
218,Aleth River,11,neg_x,166,52,431.628,64.350,61.708,64.000,43869.77734,21.650,2.290,2,2,0,0,The World Ocean
555,Orora River,0,pos_z,85,61,0.000,69.053,66.680,68.000,1121.78394,3.160,1.320,1,0,0,0,The World Ocean
555,Orora River,1,pos_z,84,60,40.705,68.729,66.627,68.000,1410.19495,3.410,1.370,1,1,0,0,The World Ocean
555,Orora River,2,pos_z,83,60,68.923,68.510,66.588,68.000,1657.92920,3.600,1.410,1,1,0,0,The World Ocean
555,Orora River,3,pos_z,82,59,109.599,68.258,65.370,67.000,1930.55444,3.380,1.630,1,1,0,0,The World Ocean
555,Orora River,4,pos_z,81,59,137.847,68.022,65.334,67.000,2177.63721,3.530,1.670,1,1,0,0,The World Ocean
555,Orora River,5,pos_z,80,58,178.492,67.783,65.299,67.000,2434.80298,3.670,1.700,1,1,0,0,The World Ocean
555,Orora River,6,pos_z,79,58,206.772,67.762,65.280,67.000,2583.62769,3.750,1.720,1,1,0,0,The World Ocean
555,Orora River,7,pos_z,78,58,235.094,67.750,65.262,67.000,2727.87061,3.830,1.740,1,1,0,0,The World Ocean
555,Orora River,8,pos_z,77,58,263.457,67.702,65.248,67.000,2848.59619,3.890,1.750,1,1,0,0,The World Ocean
555,Orora River,9,pos_z,76,57,304.029,67.568,65.246,67.000,2859.38110,3.900,1.750,1,1,0,0,The World Ocean
555,Orora River,10,pos_z,75,56,344.582,67.497,65.244,67.000,2869.63574,3.900,1.750,1,1,0,0,The World Ocean
555,Orora River,11,pos_z,74,55,385.116,67.567,65.161,67.000,3660.35449,4.280,1.840,1,1,0,0,The World Ocean
555,Orora River,12,pos_z,73,55,413.509,67.526,65.137,67.000,3912.74219,4.390,1.860,1,1,0,0,The World Ocean
555,Orora River,13,pos_z,72,54,454.001,67.646,65.120,67.000,4102.17773,4.470,1.880,1,1,0,0,The World Ocean
555,Orora River,14,pos_z,71,54,482.437,67.564,65.098,67.000,4344.49805,4.570,1.900,1,1,0,0,The World Ocean
555,Orora River,15,pos_z,70,53,522.882,67.693,65.083,67.000,4518.44775,4.640,1.920,1,1,0,0,The World Ocean
555,Orora River,16,pos_z,69,53,551.363,67.696,65.064,67.000,4746.50781,4.740,1.940,1,1,0,0,The World Ocean
555,Orora River,17,pos_z,68,53,579.895,67.573,65.046,67.000,4967.74951,4.820,1.950,1,1,0,0,The World Ocean
555,Orora River,18,pos_z,67,53,608.478,67.643,64.998,67.000,5597.73877,5.060,2.000,1,1,0,0,The World Ocean
555,Orora River,19,pos_z,66,53,637.115,67.612,64.965,67.000,6059.47607,5.220,2.030,1,1,0,0,The World Ocean
555,Orora River,20,pos_z,65,53,665.805,67.674,64.952,67.000,6245.04834,5.290,2.050,1,1,0,0,The World Ocean
555,Orora River,21,pos_z,64,53,694.550,67.728,64.921,67.000,6714.29150,5.440,2.080,1,1,0,0,The World Ocean
555,Orora River,22,pos_z,63,53,723.352,67.745,64.913,67.000,6849.98975,5.490,2.090,1,1,0,0,The World Ocean
555,Orora River,23,pos_z,62,53,752.212,67.733,64.911,67.000,6878.57178,5.500,2.090,1,1,0,0,The World Ocean
555,Orora River,24,pos_z,61,53,781.131,67.669,64.909,67.000,6906.39209,5.510,2.090,1,1,0,0,The World Ocean
555,Orora River,25,pos_z,60,53,810.110,67.639,64.907,67.000,6933.21680,5.520,2.090,1,1,0,0,The World Ocean
555,Orora River,26,pos_z,59,53,839.150,67.638,64.905,67.000,6972.67871,5.530,2.100,1,1,0,0,The World Ocean
555,Orora River,27,pos_z,58,53,868.253,67.614,64.903,67.000,7005.33545,5.540,2.100,1,1,0,0,The World Ocean
555,Orora River,28,pos_z,57,52,908.388,67.563,64.890,67.000,7213.61816,5.610,2.110,1,1,0,0,The World Ocean
555,Orora River,29,pos_z,56,51,948.482,67.609,64.882,67.000,7341.70898,5.650,2.120,1,1,0,0,The World Ocean
555,Orora River,30,pos_z,55,51,977.664,67.472,64.875,67.000,7452.04150,5.680,2.120,1,1,0,0,The World Ocean
555,Orora River,31,pos_z,54,50,1017.691,67.563,64.869,67.000,7567.09717,5.720,2.130,1,1,0,0,The World Ocean
555,Orora River,32,pos_z,53,50,1046.948,67.479,64.862,67.000,7681.91064,5.750,2.140,1,1,0,0,The World Ocean
555,Orora River,33,pos_z,52,50,1076.276,67.489,64.858,67.000,7753.84277,5.780,2.140,1,1,0,0,The World Ocean
555,Orora River,34,pos_z,51,50,1105.676,67.487,64.806,67.000,8668.31250,6.050,2.190,1,1,0,0,The World Ocean
555,Orora River,35,pos_z,50,50,1135.148,67.563,64.794,67.000,8885.23438,6.110,2.210,1,1,0,0,The World Ocean
555,Orora River,36,pos_z,49,51,1178.635,67.404,64.783,67.000,9102.08008,6.180,2.220,1,1,0,0,The World Ocean
555,Orora River,37,pos_z,48,52,1222.126,67.323,63.777,66.000,9219.27441,6.210,2.220,1,1,0,0,The World Ocean
555,Orora River,38,pos_z,47,53,1265.622,67.466,63.775,66.000,9500.93457,6.290,2.240,1,1,0,0,The World Ocean
555,Orora River,39,pos_z,46,54,1309.126,67.436,63.773,66.000,9686.59375,6.340,2.250,1,1,0,0,The World Ocean
555,Orora River,40,pos_z,45,55,1352.642,67.382,63.771,66.000,9771.65039,6.360,2.250,1,1,0,0,The World Ocean
555,Orora River,41,pos_z,45,56,1381.450,67.134,63.738,66.000,9992.94141,6.420,2.260,1,1,0,0,The World Ocean
555,Orora River,42,pos_z,44,57,1424.948,67.295,63.736,66.000,10033.61914,6.430,2.260,1,1,0,0,The World Ocean
555,Orora River,43,pos_z,43,58,1468.464,67.591,63.734,66.000,10269.84863,6.500,2.280,1,1,0,0,The World Ocean
555,Orora River,44,pos_z,44,59,1508.509,67.077,63.639,66.000,12149.13965,6.980,2.360,2,2,0,0,The World Ocean
555,Orora River,45,pos_z,45,60,1548.599,67.087,63.637,66.000,12173.81836,6.990,2.360,2,1,0,0,The World Ocean
555,Orora River,46,pos_z,46,61,1588.731,67.252,63.635,66.000,12198.38184,6.990,2.360,2,1,0,0,The World Ocean
555,Orora River,47,pos_z,47,62,1628.904,67.410,63.633,66.000,12222.60449,7.000,2.360,2,1,0,0,The World Ocean
555,Orora River,48,pos_z,48,63,1669.115,67.528,63.631,66.000,12247.03711,7.000,2.370,2,1,0,0,The World Ocean
555,Orora River,49,pos_z,49,64,1709.362,67.575,63.629,66.000,12271.78906,7.010,2.370,2,1,0,0,The World Ocean
555,Orora River,50,pos_z,50,65,1749.643,67.623,63.627,66.000,12295.86426,7.020,2.370,2,1,0,0,The World Ocean
555,Orora River,51,pos_z,51,66,1789.956,67.631,63.625,66.000,12344.94922,7.030,2.370,2,1,0,0,The World Ocean
555,Orora River,52,pos_z,52,67,1830.300,67.600,63.623,66.000,12422.74023,7.050,2.370,2,1,0,0,The World Ocean
555,Orora River,53,pos_z,53,68,1870.672,67.522,63.621,66.000,12469.34180,7.060,2.370,2,1,0,0,The World Ocean
555,Orora River,54,pos_z,53,69,1899.204,67.508,63.619,66.000,12487.83887,7.060,2.380,2,1,0,0,The World Ocean
555,Orora River,55,pos_z,53,70,1927.685,67.507,63.617,66.000,12496.63379,7.070,2.380,2,1,0,0,The World Ocean
555,Orora River,56,pos_z,54,71,1968.131,67.448,63.615,66.000,12567.75488,7.080,2.380,2,1,0,0,The World Ocean
555,Orora River,57,pos_z,55,71,1998.412,67.420,63.613,66.000,17493.76562,8.180,2.560,3,2,0,0,The World Ocean
555,Orora River,58,pos_z,56,71,2028.619,67.441,63.611,66.000,17691.36914,8.220,2.570,3,1,0,0,The World Ocean
555,Orora River,59,pos_z,57,71,2058.752,67.434,63.609,66.000,17855.02734,8.250,2.570,3,1,0,0,The World Ocean
555,Orora River,60,pos_z,58,72,2099.227,67.332,63.423,66.000,17945.81836,8.270,2.580,3,1,0,0,The World Ocean
555,Orora River,61,pos_z,59,72,2129.261,67.322,63.419,66.000,18053.01758,8.290,2.580,3,1,0,0,The World Ocean
555,Orora River,62,pos_z,60,72,2159.226,67.354,63.417,66.000,18214.56641,8.320,2.590,3,1,0,0,The World Ocean
555,Orora River,63,pos_z,61,73,2199.726,67.240,63.406,66.000,18458.64844,8.370,2.590,3,1,0,0,The World Ocean
555,Orora River,64,pos_z,62,72,2242.099,67.457,63.404,66.000,18582.31055,8.400,2.600,3,1,0,0,The World Ocean
555,Orora River,65,pos_z,63,73,2282.606,67.341,63.396,66.000,18784.02734,8.440,2.600,3,1,0,0,The World Ocean
555,Orora River,66,pos_z,64,73,2312.351,67.348,63.392,66.000,18911.76758,8.460,2.610,3,1,0,0,The World Ocean
555,Orora River,67,pos_z,65,73,2342.033,67.366,63.390,66.000,19097.89062,8.500,2.610,3,1,0,0,The World Ocean
555,Orora River,68,pos_z,66,73,2371.655,67.406,63.388,66.000,19264.45117,8.530,2.620,3,1,0,0,The World Ocean
555,Orora River,69,pos_z,67,73,2401.218,67.451,63.386,66.000,19375.03516,8.550,2.620,3,1,0,0,The World Ocean
555,Orora River,70,pos_z,68,74,2441.760,67.385,63.384,66.000,19464.08789,8.570,2.630,3,1,0,0,The World Ocean
555,Orora River,71,pos_z,69,75,2482.317,67.348,63.371,66.000,19562.52148,8.590,2.630,3,1,0,0,The World Ocean
555,Orora River,72,pos_z,70,76,2522.888,67.320,63.368,66.000,19672.39258,8.610,2.630,3,1,0,0,The World Ocean
555,Orora River,73,pos_z,71,77,2563.473,67.298,63.364,66.000,19801.93750,8.640,2.640,3,1,0,0,The World Ocean
555,Orora River,74,pos_z,72,78,2604.071,67.286,63.359,66.000,19965.44922,8.670,2.640,3,1,0,0,The World Ocean
555,Orora River,75,pos_z,73,79,2644.681,67.262,63.350,66.000,20262.92969,8.730,2.650,3,1,0,0,The World Ocean
555,Orora River,76,pos_z,74,80,2685.302,67.230,63.259,66.000,23435.00781,9.310,2.740,3,2,0,0,The World Ocean
555,Orora River,77,pos_z,75,81,2725.933,67.185,63.257,66.000,23454.60352,9.310,2.740,3,1,0,0,The World Ocean
555,Orora River,78,pos_z,76,82,2766.574,67.125,63.255,66.000,23474.19141,9.320,2.740,3,1,0,0,The World Ocean
555,Orora River,79,pos_z,77,83,2807.225,67.054,63.253,66.000,23493.78516,9.320,2.740,3,1,0,0,The World Ocean
555,Orora River,80,pos_z,78,84,2847.883,66.968,63.251,66.000,23513.38672,9.320,2.740,3,1,0,0,The World Ocean
555,Orora River,81,pos_z,79,85,2888.550,66.885,63.249,66.000,23532.98242,9.330,2.740,3,1,0,0,The World Ocean
555,Orora River,82,pos_z,80,86,2929.223,66.818,63.247,66.000,23552.54688,9.330,2.740,3,1,0,0,The World Ocean
555,Orora River,83,pos_z,81,87,2969.904,66.774,63.245,66.000,23572.05664,9.330,2.740,3,1,0,0,The World Ocean
555,Orora River,84,pos_z,82,88,3010.591,66.764,63.243,66.000,23591.49219,9.340,2.750,3,1,0,0,The World Ocean
555,Orora River,85,pos_z,83,89,3051.283,66.793,63.241,66.000,23610.83984,9.340,2.750,3,1,0,0,The World Ocean
555,Orora River,86,pos_z,84,90,3091.982,66.861,63.239,66.000,23630.09180,9.340,2.750,3,1,0,0,The World Ocean
555,Orora River,87,pos_z,85,91,3132.684,66.963,63.237,66.000,23649.24609,9.350,2.750,3,1,0,0,The World Ocean
555,Orora River,88,pos_z,86,92,3173.392,67.082,63.235,66.000,23668.30664,9.350,2.750,3,1,0,0,The World Ocean
555,Orora River,89,pos_z,87,93,3214.104,67.205,63.233,66.000,23687.27539,9.350,2.750,3,1,0,0,The World Ocean
555,Orora River,90,pos_z,88,94,3254.819,67.335,63.231,66.000,23717.03516,9.360,2.750,3,1,0,0,The World Ocean
555,Orora River,91,pos_z,89,95,3295.538,67.459,63.229,66.000,23739.85938,9.360,2.750,3,1,0,0,The World Ocean
555,Orora River,92,pos_z,89,96,3324.353,67.424,63.227,66.000,23758.56836,9.370,2.750,3,1,0,0,The World Ocean
555,Orora River,93,pos_z,89,97,3353.140,67.310,63.225,66.000,23780.63867,9.370,2.750,3,1,0,0,The World Ocean
555,Orora River,94,pos_z,89,98,3381.900,67.144,63.223,66.000,23798.80469,9.370,2.750,3,1,0,0,The World Ocean
555,Orora River,95,pos_z,89,99,3410.634,66.973,63.221,66.000,23816.83008,9.380,2.750,3,1,0,0,The World Ocean
555,Orora River,96,pos_z,88,100,3451.856,66.754,63.219,66.000,23838.06445,9.380,2.750,3,1,0,0,The World Ocean
555,Orora River,97,pos_z,89,101,3492.600,66.570,63.217,66.000,23848.70508,9.380,2.750,3,1,0,0,The World Ocean
555,Orora River,98,pos_z,89,102,3521.262,66.441,63.215,66.000,23896.62891,9.390,2.750,3,1,0,0,The World Ocean
555,Orora River,99,pos_z,89,103,3549.902,66.304,62.245,65.000,23955.01172,9.400,2.760,3,1,0,0,The World Ocean
555,Orora River,100,pos_z,89,104,3578.521,66.153,62.243,65.000,24025.33398,9.410,2.760,3,1,0,0,The World Ocean
555,Orora River,101,pos_z,89,105,3607.119,66.066,62.241,65.000,24091.42773,9.420,2.760,3,1,0,0,The World Ocean
555,Orora River,102,pos_z,89,106,3635.698,66.053,62.239,65.000,24159.83789,9.440,2.760,3,1,0,0,The World Ocean
555,Orora River,103,pos_z,89,107,3664.258,66.055,62.237,65.000,24230.69531,9.450,2.760,3,1,0,0,The World Ocean
555,Orora River,104,pos_z,89,108,3692.801,66.074,62.235,65.000,24299.38867,9.460,2.760,3,1,0,0,The World Ocean
555,Orora River,105,pos_z,89,109,3721.327,66.092,62.233,65.000,24367.45898,9.470,2.770,3,1,0,0,The World Ocean
555,Orora River,106,pos_z,89,110,3749.837,66.032,62.230,65.000,24505.16992,9.500,2.770,3,1,0,0,The World Ocean
555,Orora River,107,pos_z,88,111,3790.925,66.022,62.228,65.000,24570.69531,9.510,2.770,3,1,0,0,The World Ocean
555,Orora River,108,pos_z,88,112,3819.383,65.994,62.226,65.000,24612.00195,9.510,2.770,3,1,0,0,The World Ocean
555,Orora River,109,pos_z,87,113,3860.463,66.058,62.224,65.000,24615.42578,9.520,2.770,3,1,0,0,The World Ocean
555,Orora River,110,pos_z,88,114,3901.288,66.038,62.215,65.000,25095.16602,9.600,2.790,3,1,0,0,The World Ocean
555,Orora River,111,pos_z,87,115,3942.347,65.871,62.211,65.000,25249.56055,9.620,2.790,3,1,0,0,The World Ocean
555,Orora River,112,pos_z,86,115,3971.877,66.012,62.209,65.000,25314.06055,9.640,2.790,3,1,0,0,The World Ocean
555,Orora River,113,pos_z,85,116,4012.953,65.951,62.193,65.000,25933.23242,9.740,2.810,3,1,0,0,The World Ocean
555,Orora River,114,pos_z,84,117,4054.033,65.947,62.191,65.000,25936.78516,9.740,2.810,3,1,0,0,The World Ocean
555,Orora River,115,pos_z,84,118,4082.325,65.809,62.153,65.000,27541.79688,10.010,2.850,3,2,0,0,The World Ocean
555,Orora River,116,pos_z,85,119,4123.214,65.660,62.151,65.000,27558.97852,10.010,2.850,3,1,0,0,The World Ocean
555,Orora River,117,pos_z,86,120,4164.101,65.559,62.149,65.000,27576.14258,10.010,2.850,3,1,0,0,The World Ocean
555,Orora River,118,pos_z,87,121,4204.988,65.507,62.147,65.000,27593.05273,10.020,2.850,3,1,0,0,The World Ocean
555,Orora River,119,pos_z,88,122,4245.872,65.498,62.145,65.000,27609.27344,10.020,2.850,3,1,0,0,The World Ocean
555,Orora River,120,pos_z,89,123,4286.756,65.525,62.143,65.000,27624.97852,10.020,2.850,3,1,0,0,The World Ocean
555,Orora River,121,pos_z,90,124,4327.638,65.578,62.141,65.000,27640.61914,10.020,2.850,3,1,0,0,The World Ocean
555,Orora River,122,pos_z,91,125,4368.518,65.644,62.139,65.000,27656.06445,10.030,2.850,3,1,0,0,The World Ocean
555,Orora River,123,pos_z,92,126,4409.397,65.715,62.137,65.000,27671.85938,10.030,2.850,3,1,0,0,The World Ocean
555,Orora River,124,pos_z,93,127,4450.275,65.781,62.135,65.000,27689.25391,10.030,2.850,3,1,0,0,The World Ocean
555,Orora River,125,pos_z,94,128,4491.151,65.827,62.133,65.000,27707.87500,10.030,2.850,3,1,0,0,The World Ocean
555,Orora River,126,pos_z,95,129,4532.026,65.864,62.131,65.000,27725.69727,10.040,2.850,3,1,0,0,The World Ocean
555,Orora River,127,pos_z,96,130,4572.900,65.886,62.129,65.000,27742.32617,10.040,2.850,3,1,0,0,The World Ocean
555,Orora River,128,pos_z,97,131,4613.773,65.895,62.127,65.000,27759.03906,10.040,2.850,3,1,0,0,The World Ocean
555,Orora River,129,pos_z,98,132,4654.644,65.958,62.125,65.000,27775.87305,10.050,2.850,3,1,0,0,The World Ocean
555,Orora River,130,pos_z,99,133,4695.515,66.024,62.123,65.000,27789.53906,10.050,2.850,3,1,0,0,The World Ocean
555,Orora River,131,pos_z,100,134,4736.384,66.011,62.121,65.000,27870.43750,10.060,2.850,3,1,0,0,The World Ocean
555,Orora River,132,pos_z,101,133,4777.177,66.042,62.119,65.000,27880.57422,10.060,2.860,3,1,0,0,The World Ocean
555,Orora River,133,pos_z,102,134,4818.032,66.026,62.117,65.000,27931.56055,10.070,2.860,3,1,0,0,The World Ocean
555,Orora River,134,pos_z,103,135,4858.885,65.962,62.115,65.000,28056.55078,10.090,2.860,3,1,0,0,The World Ocean
555,Orora River,135,pos_z,104,134,4899.660,66.007,62.113,65.000,28066.87891,10.090,2.860,3,1,0,0,The World Ocean
555,Orora River,136,pos_z,105,135,4940.500,65.927,62.111,65.000,28234.61914,10.120,2.860,3,1,0,0,The World Ocean
555,Orora River,137,pos_z,106,134,4981.268,65.936,62.109,65.000,28265.24805,10.130,2.860,3,1,0,0,The World Ocean
555,Orora River,138,pos_z,107,135,5022.095,65.856,62.107,65.000,28900.05078,10.230,2.880,3,1,0,0,The World Ocean
555,Orora River,139,pos_z,108,136,5062.921,65.899,62.105,65.000,28948.75977,10.230,2.880,3,1,0,0,The World Ocean
555,Orora River,140,pos_z,109,137,5103.747,65.956,62.103,65.000,29024.25000,10.250,2.880,3,1,0,0,The World Ocean
555,Orora River,141,pos_z,110,138,5144.573,65.998,62.101,65.000,29083.95312,10.260,2.880,3,1,0,0,The World Ocean
555,Orora River,142,pos_z,111,138,5173.478,65.700,62.099,65.000,29117.73438,10.260,2.880,3,1,0,0,The World Ocean
555,Orora River,143,pos_z,112,138,5202.369,65.244,62.097,65.000,29151.27734,10.270,2.890,3,1,0,0,The World Ocean
555,Orora River,144,pos_z,113,138,5231.246,65.117,62.095,65.000,29307.29688,10.290,2.890,3,1,0,0,The World Ocean
555,Orora River,145,pos_z,114,139,5272.054,65.104,62.093,65.000,29328.58398,10.300,2.890,3,1,0,0,The World Ocean
555,Orora River,146,pos_z,115,140,5312.863,65.143,62.091,65.000,29350.53320,10.300,2.890,3,1,0,0,The World Ocean
555,Orora River,147,pos_z,116,141,5353.671,65.151,62.089,65.000,29373.13867,10.300,2.890,3,1,0,0,The World Ocean
555,Orora River,148,pos_z,117,142,5394.480,65.137,62.087,65.000,29392.12305,10.310,2.890,3,1,0,0,The World Ocean
555,Orora River,149,pos_z,118,143,5435.289,65.133,62.085,65.000,29401.92773,10.310,2.890,3,1,0,0,The World Ocean
555,Orora River,150,pos_z,119,144,5476.098,65.100,62.083,65.000,29412.05078,10.310,2.890,3,1,0,0,The World Ocean
555,Orora River,151,pos_z,120,144,5504.856,65.102,62.081,65.000,29417.02344,10.310,2.890,3,1,0,0,The World Ocean
555,Orora River,152,pos_z,121,145,5545.660,65.018,61.892,65.000,39766.46094,11.820,3.110,3,2,0,0,The World Ocean
555,Orora River,153,pos_z,121,146,5574.601,65.042,61.890,65.000,39793.69531,11.830,3.110,3,1,0,0,The World Ocean
555,Orora River,154,pos_z,122,147,5615.411,64.883,61.888,65.000,39870.98047,11.840,3.110,3,1,0,0,The World Ocean
555,Orora River,155,pos_z,122,148,5644.389,65.074,61.886,65.000,39900.77344,11.840,3.110,3,1,0,0,The World Ocean
555,Orora River,156,pos_z,123,149,5685.205,65.091,61.884,65.000,40038.44531,11.860,3.110,3,1,0,0,The World Ocean
555,Orora River,157,pos_z,122,150,5725.980,64.890,61.882,65.000,40100.71484,11.870,3.110,3,1,0,0,The World Ocean
555,Orora River,158,pos_z,121,150,5754.657,64.618,61.880,65.000,40128.63672,11.870,3.120,3,1,0,0,The World Ocean
555,Orora River,159,pos_z,120,150,5783.340,64.584,61.878,65.000,40156.26953,11.880,3.120,3,1,0,0,The World Ocean
555,Orora River,160,pos_z,119,150,5812.029,64.530,61.876,65.000,40176.35156,11.880,3.120,3,1,0,0,The World Ocean
555,Orora River,161,pos_z,118,150,5840.726,64.554,61.874,65.000,40442.89453,11.920,3.120,3,1,0,0,The World Ocean
555,Orora River,162,pos_z,117,151,5881.487,64.435,61.872,65.000,40565.43359,11.930,3.120,3,1,0,0,The World Ocean
555,Orora River,163,pos_z,116,152,5922.249,64.449,61.870,65.000,40687.68750,11.950,3.130,3,1,0,0,The World Ocean
555,Orora River,164,pos_z,115,153,5963.011,64.356,61.868,65.000,40711.91016,11.950,3.130,3,1,0,0,The World Ocean
555,Orora River,165,pos_z,114,154,6003.772,64.350,61.749,64.000,40724.93750,20.920,2.250,3,1,0,0,The World Ocean
214,Fenain River,0,neg_x,115,62,0.000,70.151,67.558,69.000,1864.00159,3.750,1.440,1,0,0,0,The World Ocean
214,Fenain River,1,neg_x,116,62,27.580,69.768,67.464,69.000,2628.26636,4.240,1.540,1,1,0,0,The World Ocean
214,Fenain River,2,neg_x,117,62,55.151,69.444,67.389,69.000,3374.07080,4.660,1.610,1,1,0,0,The World Ocean
214,Fenain River,3,neg_x,118,62,82.714,69.131,66.270,68.000,4840.20654,5.360,1.730,1,1,0,0,The World Ocean
214,Fenain River,4,neg_x,119,63,123.947,68.732,66.265,68.000,4904.04199,5.390,1.740,1,1,0,0,The World Ocean
214,Fenain River,5,neg_x,120,63,151.536,68.486,66.230,68.000,5409.68115,5.600,1.770,1,1,0,0,The World Ocean
214,Fenain River,6,neg_x,121,63,179.119,68.306,65.213,67.000,5675.76562,5.710,1.790,1,1,0,0,The World Ocean
214,Fenain River,7,neg_x,122,63,206.697,68.156,65.169,67.000,6383.47607,5.990,1.830,1,1,0,0,The World Ocean
214,Fenain River,8,neg_x,123,63,234.271,68.018,64.977,67.000,10186.23730,7.270,2.020,2,2,0,0,The World Ocean
214,Fenain River,9,neg_x,124,64,275.557,67.838,64.725,67.000,10250.99805,6.490,2.270,2,1,0,0,The World Ocean
214,Fenain River,10,neg_x,125,64,303.163,67.611,64.717,67.000,10417.74902,6.540,2.280,2,1,0,0,The World Ocean
214,Fenain River,11,neg_x,126,65,344.455,67.258,63.713,66.000,10504.38184,6.560,2.290,2,1,0,0,The World Ocean
214,Fenain River,12,neg_x,127,66,385.737,66.871,63.709,66.000,10594.92383,6.580,2.290,2,1,0,0,The World Ocean
214,Fenain River,13,neg_x,128,67,427.011,66.467,63.704,66.000,10689.14453,6.610,2.300,2,1,0,0,The World Ocean
214,Fenain River,14,neg_x,129,68,468.277,66.058,62.700,65.000,10787.29883,6.630,2.300,2,1,0,0,The World Ocean
214,Fenain River,15,neg_x,130,69,509.534,65.700,62.698,65.000,10821.50195,6.640,2.300,2,1,0,0,The World Ocean
214,Fenain River,16,neg_x,131,70,550.783,65.596,62.690,65.000,10996.48340,6.690,2.310,2,1,0,0,The World Ocean
214,Fenain River,17,neg_x,132,71,592.024,65.601,62.145,65.000,27898.24219,10.070,2.860,3,2,0,0,The World Ocean
214,Fenain River,18,neg_x,133,72,633.258,65.615,62.140,65.000,28085.00586,10.100,2.860,3,1,0,0,The World Ocean
214,Fenain River,19,neg_x,134,73,674.484,65.426,62.135,65.000,28286.43945,10.130,2.860,3,1,0,0,The World Ocean
214,Fenain River,20,neg_x,134,74,704.655,65.214,62.129,65.000,28537.90625,10.170,2.870,3,1,0,0,The World Ocean
214,Fenain River,21,neg_x,135,75,745.855,64.975,62.122,65.000,28854.67383,10.220,2.880,3,1,0,0,The World Ocean
214,Fenain River,22,neg_x,136,76,787.048,64.745,62.114,65.000,29171.81445,10.270,2.890,3,1,0,0,The World Ocean
214,Fenain River,23,neg_x,137,77,828.236,64.540,62.107,65.000,29483.23438,10.320,2.890,3,1,0,0,The World Ocean
214,Fenain River,24,neg_x,138,78,869.417,64.511,62.100,65.000,29790.48828,10.370,2.900,3,1,0,0,The World Ocean
214,Fenain River,25,neg_x,139,79,910.593,64.471,62.093,65.000,30071.34961,10.410,2.910,3,1,0,0,The World Ocean
214,Fenain River,26,neg_x,140,80,951.763,64.433,62.087,65.000,30362.14062,10.460,2.910,3,1,0,0,The World Ocean
214,Fenain River,27,neg_x,141,81,992.928,64.398,62.081,65.000,30621.53320,10.500,2.920,3,1,0,0,The World Ocean
214,Fenain River,28,neg_x,142,82,1034.088,64.437,62.079,65.000,30652.42969,10.500,2.920,3,1,0,0,The World Ocean
214,Fenain River,29,neg_x,142,83,1063.765,64.361,62.077,65.000,30758.20312,10.520,2.920,3,1,0,0,The World Ocean
214,Fenain River,30,neg_x,143,84,1104.905,64.350,61.787,64.000,37978.16406,20.260,2.210,3,3,0,0,The World Ocean
840,Alara River,0,neg_z,43,216,0.000,69.662,67.677,69.000,1134.38586,3.170,1.320,1,0,0,0,The World Ocean
840,Alara River,1,neg_z,42,215,44.255,69.619,67.655,69.000,1250.78442,3.270,1.340,1,1,0,0,The World Ocean
840,Alara River,2,neg_z,41,214,88.506,69.572,67.633,69.000,1377.18311,3.380,1.370,1,1,0,0,The World Ocean
840,Alara River,3,neg_z,40,213,132.757,69.554,67.624,69.000,1428.34180,3.420,1.380,1,1,0,0,The World Ocean
840,Alara River,4,neg_z,39,212,177.013,69.555,67.595,69.000,1609.60498,3.560,1.400,1,1,0,0,The World Ocean
840,Alara River,5,neg_z,38,211,221.275,69.543,67.583,69.000,1691.70007,3.630,1.420,1,1,0,0,The World Ocean
840,Alara River,6,neg_z,38,210,250.361,69.535,67.576,69.000,1738.59607,3.660,1.420,1,1,0,0,The World Ocean
840,Alara River,7,neg_z,39,209,289.782,69.513,67.571,69.000,1769.19897,3.680,1.430,1,1,0,0,The World Ocean
840,Alara River,8,neg_z,39,208,318.793,69.474,67.561,69.000,1839.20764,3.730,1.440,1,1,0,0,The World Ocean
840,Alara River,9,neg_z,38,207,362.900,69.384,67.413,69.000,3115.95410,4.520,1.590,2,2,0,0,The World Ocean
840,Alara River,10,neg_z,39,206,402.457,69.303,66.410,68.000,3151.78955,4.540,1.590,2,1,0,0,The World Ocean
840,Alara River,11,neg_z,38,205,446.492,69.211,66.404,68.000,3208.90601,4.570,1.600,2,1,0,0,The World Ocean
840,Alara River,12,neg_z,39,204,486.139,69.121,66.401,68.000,3240.56567,4.590,1.600,2,1,0,0,The World Ocean
840,Alara River,13,neg_z,39,203,514.798,69.052,66.398,68.000,3271.57593,4.610,1.600,2,1,0,0,The World Ocean
840,Alara River,14,neg_z,39,202,543.391,69.022,66.395,68.000,3304.76025,4.620,1.600,2,1,0,0,The World Ocean
840,Alara River,15,neg_z,39,201,571.919,69.021,66.389,68.000,3366.10303,4.660,1.610,2,1,0,0,The World Ocean
840,Alara River,16,neg_z,40,200,611.759,69.012,66.383,68.000,3438.99243,4.690,1.620,2,1,0,0,The World Ocean
840,Alara River,17,neg_z,40,199,640.230,68.994,66.378,68.000,3494.95142,4.720,1.620,2,1,0,0,The World Ocean
840,Alara River,18,neg_z,40,198,668.641,68.986,66.371,68.000,3564.21240,4.760,1.630,2,1,0,0,The World Ocean
840,Alara River,19,neg_z,40,197,696.991,68.976,66.364,68.000,3653.76489,4.800,1.640,2,1,0,0,The World Ocean
840,Alara River,20,neg_z,41,196,737.008,68.862,66.151,68.000,3768.66943,4.330,1.850,2,1,0,0,The World Ocean
840,Alara River,21,neg_z,40,195,780.622,68.802,66.149,68.000,3773.44873,4.330,1.850,2,1,0,0,The World Ocean
840,Alara River,22,neg_z,39,194,824.265,68.749,66.147,68.000,3778.30640,4.330,1.850,2,1,0,0,The World Ocean
840,Alara River,23,neg_z,38,193,867.939,68.704,66.145,68.000,3783.40820,4.330,1.850,2,1,0,0,The World Ocean
840,Alara River,24,neg_z,37,192,911.648,68.690,66.143,68.000,3788.73730,4.340,1.850,2,1,0,0,The World Ocean
840,Alara River,25,neg_z,36,191,955.393,68.707,66.110,68.000,4209.14941,4.520,1.890,2,1,0,0,The World Ocean
840,Alara River,26,neg_z,35,190,999.180,68.796,66.102,68.000,4300.96973,4.560,1.900,2,1,0,0,The World Ocean
840,Alara River,27,neg_z,35,189,1026.752,68.688,66.087,68.000,4471.92725,4.630,1.910,2,1,0,0,The World Ocean
840,Alara River,28,neg_z,34,188,1070.559,68.833,66.082,68.000,4528.49365,4.650,1.920,2,1,0,0,The World Ocean
840,Alara River,29,neg_z,34,187,1097.967,68.786,66.064,68.000,4749.89453,4.740,1.940,2,1,0,0,The World Ocean
840,Alara River,30,neg_z,34,186,1125.330,68.748,66.046,68.000,4975.41162,4.820,1.950,2,1,0,0,The World Ocean
840,Alara River,31,neg_z,34,185,1152.648,68.779,66.038,68.000,5075.67871,4.860,1.960,2,1,0,0,The World Ocean
840,Alara River,32,neg_z,34,184,1179.922,68.832,66.019,68.000,5316.47559,4.950,1.980,2,1,0,0,The World Ocean
840,Alara River,33,neg_z,35,183,1220.526,68.682,66.005,68.000,5497.43164,5.020,1.990,2,1,0,0,The World Ocean
840,Alara River,34,neg_z,35,182,1247.784,68.789,65.996,68.000,5629.73730,5.070,2.000,2,1,0,0,The World Ocean
840,Alara River,35,neg_z,35,181,1275.000,68.880,65.989,68.000,5726.71240,5.100,2.010,2,1,0,0,The World Ocean
840,Alara River,36,neg_z,36,180,1315.719,68.840,65.879,68.000,7387.47314,5.660,2.120,2,2,0,0,The World Ocean
840,Alara River,37,neg_z,37,181,1359.222,68.670,65.877,68.000,7425.25635,5.670,2.120,2,1,0,0,The World Ocean
840,Alara River,38,neg_z,38,182,1402.680,68.544,65.875,68.000,7462.50391,5.690,2.130,2,1,0,0,The World Ocean
840,Alara River,39,neg_z,39,183,1446.096,68.453,65.873,68.000,7497.93506,5.700,2.130,2,1,0,0,The World Ocean
840,Alara River,40,neg_z,40,184,1489.473,68.405,65.871,68.000,7532.92188,5.710,2.130,2,1,0,0,The World Ocean
840,Alara River,41,neg_z,41,185,1532.813,68.402,65.868,68.000,7569.00049,5.720,2.130,2,1,0,0,The World Ocean
840,Alara River,42,neg_z,42,186,1576.119,68.443,65.866,68.000,7606.98877,5.730,2.130,2,1,0,0,The World Ocean
840,Alara River,43,neg_z,43,187,1619.393,68.521,65.864,68.000,7647.10742,5.740,2.140,2,1,0,0,The World Ocean
840,Alara River,44,neg_z,44,188,1662.639,68.622,65.861,68.000,7689.10400,5.760,2.140,2,1,0,0,The World Ocean
840,Alara River,45,neg_z,45,189,1705.857,68.734,65.859,68.000,7732.20508,5.770,2.140,2,1,0,0,The World Ocean
840,Alara River,46,neg_z,46,190,1749.051,68.825,65.856,68.000,7775.53662,5.780,2.140,2,1,0,0,The World Ocean
840,Alara River,47,neg_z,47,191,1792.223,68.884,65.854,68.000,7808.11230,5.790,2.150,2,1,0,0,The World Ocean
840,Alara River,48,neg_z,48,192,1835.375,68.916,65.852,68.000,7846.58252,5.800,2.150,2,1,0,0,The World Ocean
840,Alara River,49,neg_z,49,191,1875.622,68.800,65.850,68.000,7901.79785,6.540,1.920,2,1,0,0,The World Ocean
840,Alara River,50,neg_z,50,192,1918.685,68.686,65.847,68.000,7930.99805,5.830,2.150,2,1,0,0,The World Ocean
840,Alara River,51,neg_z,51,192,1948.898,68.544,65.845,68.000,7972.23535,5.840,2.160,2,1,0,0,The World Ocean
840,Alara River,52,neg_z,52,192,1979.032,68.367,65.839,68.000,8067.13965,5.870,2.160,2,1,0,0,The World Ocean
840,Alara River,53,neg_z,53,193,2021.999,68.044,64.835,67.000,8150.27832,5.900,2.170,2,1,0,0,The World Ocean
840,Alara River,54,neg_z,54,193,2051.931,67.742,64.831,67.000,8222.21094,5.920,2.170,2,1,0,0,The World Ocean
840,Alara River,55,neg_z,55,193,2081.790,67.414,64.822,67.000,8368.77148,5.960,2.180,2,1,0,0,The World Ocean
840,Alara River,56,neg_z,56,193,2111.577,67.079,63.813,66.000,8532.98047,6.010,2.190,2,1,0,0,The World Ocean
840,Alara River,57,neg_z,57,193,2141.294,66.750,63.803,66.000,8730.15137,6.070,2.200,2,1,0,0,The World Ocean
840,Alara River,58,neg_z,58,193,2170.942,66.440,63.790,66.000,8969.22754,6.140,2.210,2,1,0,0,The World Ocean
840,Alara River,59,neg_z,59,193,2200.523,66.143,62.760,65.000,9538.68945,6.300,2.240,2,1,0,0,The World Ocean
840,Alara River,60,neg_z,60,192,2240.852,65.739,62.733,65.000,10090.72461,6.450,2.270,2,1,0,0,The World Ocean
840,Alara River,61,neg_z,61,192,2270.351,65.449,62.710,65.000,10574.63574,6.580,2.290,2,1,0,0,The World Ocean
840,Alara River,62,neg_z,62,192,2299.786,65.175,62.659,65.000,11698.28320,6.870,2.340,2,1,0,0,The World Ocean
840,Alara River,63,neg_z,63,191,2340.166,64.811,62.607,65.000,12914.88379,7.170,2.390,2,1,0,0,The World Ocean
840,Alara River,64,neg_z,64,191,2369.525,64.580,62.542,65.000,14555.41211,7.550,2.460,2,1,0,0,The World Ocean
840,Alara River,65,neg_z,65,190,2409.941,64.424,62.440,65.000,17432.10547,8.160,2.560,2,3,0,0,The World Ocean
840,Alara River,66,neg_z,66,189,2450.379,64.398,62.313,65.000,21507.75586,8.960,2.690,2,3,0,0,The World Ocean
840,Alara River,67,neg_z,67,188,2490.838,64.395,62.301,65.000,21939.97461,9.040,2.700,2,1,0,0,The World Ocean
840,Alara River,68,neg_z,68,188,2520.099,64.408,62.021,65.000,33327.27734,10.910,2.980,3,2,0,0,The World Ocean
840,Alara River,69,neg_z,69,188,2549.304,64.365,61.987,65.000,34959.26172,11.150,3.010,3,1,0,0,The World Ocean
840,Alara River,70,neg_z,70,187,2589.804,64.350,61.818,64.000,35801.50000,19.720,2.180,3,1,0,0,The World Ocean
6,Mormere River,0,pos_x,169,29,0.000,65.592,63.540,65.000,1023.63336,2.730,1.460,1,0,0,0,The World Ocean
6,Mormere River,1,pos_x,168,29,26.366,65.564,63.515,65.000,1133.10181,2.820,1.490,1,1,0,0,The World Ocean
6,Mormere River,2,pos_x,167,29,52.704,65.526,63.499,65.000,1205.96863,2.880,1.500,1,1,0,0,The World Ocean
6,Mormere River,3,pos_x,166,29,79.016,65.471,63.483,65.000,1282.08228,2.940,1.520,1,1,0,0,The World Ocean
6,Mormere River,4,pos_x,165,29,105.301,65.402,63.451,65.000,1447.82239,3.060,1.550,1,1,0,0,The World Ocean
6,Mormere River,5,pos_x,164,28,149.114,65.293,63.442,65.000,1496.61877,3.100,1.560,1,1,0,0,The World Ocean
6,Mormere River,6,pos_x,163,28,175.282,65.242,63.418,65.000,1630.30298,3.190,1.580,1,1,0,0,The World Ocean
6,Mormere River,7,pos_x,162,27,219.147,65.208,63.408,65.000,1692.31091,3.230,1.590,1,1,0,0,The World Ocean
6,Mormere River,8,pos_x,161,27,245.199,65.207,63.399,65.000,1744.37939,3.260,1.600,1,1,0,0,The World Ocean
6,Mormere River,9,pos_x,160,26,289.119,65.151,63.386,65.000,1827.52319,3.320,1.610,1,1,0,0,The World Ocean
6,Mormere River,10,pos_x,159,27,331.125,65.149,63.373,65.000,1908.35767,3.370,1.630,1,1,0,0,The World Ocean
6,Mormere River,11,pos_x,158,27,357.113,65.145,63.368,65.000,1943.78491,3.390,1.630,1,1,0,0,The World Ocean
6,Mormere River,12,pos_x,157,26,400.976,65.115,63.355,65.000,2029.41016,3.440,1.640,1,1,0,0,The World Ocean
6,Mormere River,13,pos_x,156,25,444.915,65.028,63.346,65.000,2094.19141,3.480,1.650,1,1,0,0,The World Ocean
6,Mormere River,14,pos_x,155,25,470.707,64.963,63.334,65.000,2178.78687,3.530,1.670,1,1,0,0,The World Ocean
6,Mormere River,15,pos_x,154,25,496.483,64.971,63.311,65.000,2341.63916,3.620,1.690,1,1,0,0,The World Ocean
6,Mormere River,16,pos_x,153,25,522.241,64.891,63.295,65.000,2463.61475,3.690,1.700,1,1,0,0,The World Ocean
6,Mormere River,17,pos_x,152,24,566.197,64.926,63.289,65.000,2511.52832,3.720,1.710,1,1,0,0,The World Ocean
6,Mormere River,18,pos_x,151,24,591.854,64.791,63.270,65.000,2664.40527,3.800,1.730,1,1,0,0,The World Ocean
6,Mormere River,19,pos_x,150,24,617.496,64.853,63.245,65.000,2873.25146,3.910,1.750,1,1,0,0,The World Ocean
6,Mormere River,20,pos_x,149,24,643.124,64.849,63.220,65.000,3095.53101,4.020,1.780,1,1,0,0,The World Ocean
6,Mormere River,21,pos_x,148,23,687.097,64.961,63.213,65.000,3160.41675,4.050,1.790,1,1,0,0,The World Ocean
6,Mormere River,22,pos_x,147,23,712.628,64.942,63.176,65.000,3512.72314,4.210,1.820,1,1,0,0,The World Ocean
6,Mormere River,23,pos_x,146,23,738.148,65.006,63.122,65.000,4070.69360,4.460,1.880,1,1,0,0,The World Ocean
6,Mormere River,24,pos_x,145,23,763.656,65.059,62.972,65.000,5956.81738,5.190,2.030,2,2,0,0,The World Ocean
6,Mormere River,25,pos_x,144,23,789.154,65.102,62.944,65.000,6373.28369,5.330,2.060,2,1,0,0,The World Ocean
6,Mormere River,26,pos_x,143,23,814.641,64.999,62.838,65.000,8090.43652,5.880,2.160,2,2,0,0,The World Ocean
6,Mormere River,27,pos_x,142,23,840.119,65.022,62.774,65.000,9280.19336,6.230,2.230,2,2,0,0,The World Ocean
6,Mormere River,28,pos_x,141,23,865.588,65.123,62.632,65.000,12311.74609,7.020,2.370,2,2,0,0,The World Ocean
6,Mormere River,29,pos_x,140,24,908.586,65.087,62.609,65.000,12868.17676,7.160,2.390,2,1,0,0,The World Ocean
6,Mormere River,30,pos_x,139,24,934.109,65.026,62.425,65.000,17872.00000,8.250,2.570,2,2,0,0,The World Ocean
6,Mormere River,31,pos_x,138,23,977.846,65.013,62.370,65.000,19604.37500,8.600,2.630,2,1,0,0,The World Ocean
6,Mormere River,32,pos_x,137,22,1021.658,64.970,62.303,65.000,21873.55078,9.030,2.700,2,1,0,0,The World Ocean
6,Mormere River,33,pos_x,136,21,1065.548,64.832,62.259,65.000,23442.67188,9.310,2.740,2,1,0,0,The World Ocean
6,Mormere River,34,pos_x,135,20,1109.518,64.591,62.242,65.000,24057.42188,9.420,2.760,2,1,0,0,The World Ocean
6,Mormere River,35,pos_x,134,20,1134.729,64.526,62.214,65.000,25136.10352,9.600,2.790,2,1,0,0,The World Ocean
6,Mormere River,36,pos_x,133,21,1178.260,64.551,62.150,65.000,27690.61523,10.030,2.850,2,2,0,0,The World Ocean
6,Mormere River,37,pos_x,132,20,1222.145,64.550,62.125,65.000,28694.04492,10.190,2.870,2,1,0,0,The World Ocean
6,Mormere River,38,pos_x,131,20,1247.346,64.438,62.088,65.000,30295.28711,10.450,2.910,2,1,0,0,The World Ocean
6,Mormere River,39,pos_x,130,19,1291.279,64.399,62.055,65.000,31794.23828,10.680,2.950,2,1,0,0,The World Ocean
6,Mormere River,40,pos_x,129,19,1316.405,64.364,62.007,65.000,34008.57422,11.010,2.990,2,1,0,0,The World Ocean
6,Mormere River,41,pos_x,128,20,1360.211,64.350,61.821,64.000,35604.26953,19.670,2.180,2,1,0,0,The World Ocean
175,Isara River,0,pos_x,217,233,0.000,68.244,65.472,67.000,1337.37354,2.980,1.530,1,0,0,0,The World Ocean
175,Isara River,1,pos_x,218,233,28.216,68.212,65.372,67.000,1916.30078,3.370,1.630,1,1,0,0,The World Ocean
175,Isara River,2,pos_x,219,234,66.380,68.195,65.243,67.000,2891.93506,3.910,1.760,1,1,0,0,The World Ocean
175,Isara River,3,pos_x,220,235,104.401,68.133,65.164,67.000,3636.46582,4.270,1.840,1,1,0,0,The World Ocean
175,Isara River,4,pos_x,221,235,132.645,68.075,65.094,67.000,4387.60205,4.590,1.910,1,1,0,0,The World Ocean
175,Isara River,5,pos_x,222,236,170.413,67.986,65.004,67.000,5515.29297,5.030,2.000,1,1,0,0,The World Ocean
175,Isara River,6,pos_x,223,237,208.017,67.805,64.938,67.000,6467.20850,5.360,2.060,1,1,0,0,The World Ocean
175,Isara River,7,pos_x,224,237,236.287,67.734,64.898,67.000,7083.34912,5.560,2.100,1,1,0,0,The World Ocean
175,Isara River,8,pos_x,225,237,264.639,67.669,64.866,67.000,7609.08643,5.730,2.130,1,1,0,0,The World Ocean
175,Isara River,9,pos_x,226,238,301.848,67.604,64.820,67.000,8405.89453,5.970,2.180,1,1,0,0,The World Ocean
175,Isara River,10,pos_x,227,238,330.255,67.616,64.795,67.000,8870.92188,6.110,2.200,1,1,0,0,The World Ocean
175,Isara River,11,pos_x,228,239,367.155,67.579,64.764,67.000,9465.22754,6.280,2.240,1,1,0,0,The World Ocean
175,Isara River,12,pos_x,229,240,403.851,67.583,64.745,67.000,9837.43262,6.380,2.250,1,1,0,0,The World Ocean
175,Isara River,13,pos_x,230,240,432.286,67.594,64.732,67.000,10114.08105,6.460,2.270,1,1,0,0,The World Ocean
175,Isara River,14,pos_x,231,241,468.637,67.532,64.715,67.000,10463.71191,6.550,2.280,1,1,0,0,The World Ocean
175,Isara River,15,pos_x,232,242,504.757,67.511,64.702,67.000,10739.55371,6.620,2.300,1,1,0,0,The World Ocean
175,Isara River,16,pos_x,233,243,540.636,67.578,64.700,67.000,10749.91016,6.630,2.300,1,1,0,0,The World Ocean
175,Isara River,17,pos_x,234,244,576.261,67.487,64.687,67.000,11060.05957,6.710,2.310,1,1,0,0,The World Ocean
175,Isara River,18,pos_x,235,243,623.490,67.559,64.682,67.000,11171.55762,6.730,2.320,1,1,0,0,The World Ocean
175,Isara River,19,pos_x,236,244,658.813,67.433,64.675,67.000,11319.32031,6.770,2.320,1,1,0,0,The World Ocean
175,Isara River,20,pos_x,237,244,687.385,67.464,64.671,67.000,11411.49609,6.800,2.330,1,1,0,0,The World Ocean
175,Isara River,21,pos_x,238,245,722.268,67.479,64.669,67.000,11451.68652,6.810,2.330,1,1,0,0,The World Ocean
175,Isara River,22,pos_x,239,246,756.853,67.430,64.666,67.000,11520.48730,6.820,2.330,1,1,0,0,The World Ocean
175,Isara River,23,pos_x,240,246,785.444,67.490,64.663,67.000,11587.27051,6.840,2.340,1,1,0,0,The World Ocean
175,Isara River,24,pos_x,241,247,819.537,67.455,64.659,67.000,11678.41406,6.860,2.340,1,1,0,0,The World Ocean
175,Isara River,25,pos_x,242,246,867.458,67.560,64.657,67.000,11727.50977,6.880,2.340,1,1,0,0,The World Ocean
175,Isara River,26,pos_x,243,247,901.193,67.564,64.655,67.000,11767.31934,6.890,2.340,1,1,0,0,The World Ocean
175,Isara River,27,pos_x,244,248,934.575,67.532,64.653,67.000,11799.12402,6.890,2.350,1,1,0,0,The World Ocean
175,Isara River,28,pos_x,244,249,964.421,67.531,64.651,67.000,11866.16992,6.910,2.350,1,1,0,0,The World Ocean
175,Isara River,29,pos_x,245,250,997.254,67.530,64.649,67.000,11922.72852,6.920,2.350,1,1,0,0,The World Ocean
175,Isara River,30,pos_x,246,251,1029.692,67.493,64.646,67.000,11975.07812,6.940,2.350,1,1,0,0,The World Ocean
175,Isara River,31,pos_x,247,250,1078.340,67.490,64.644,67.000,12035.50586,6.950,2.360,1,1,0,0,The World Ocean
175,Isara River,32,pos_x,248,251,1110.346,67.438,64.641,67.000,12098.08984,6.970,2.360,1,1,0,0,The World Ocean
175,Isara River,33,pos_x,249,252,1141.919,67.406,64.639,67.000,12132.71777,6.980,2.360,1,1,0,0,The World Ocean
175,Isara River,34,pos_x,250,252,1170.643,67.365,64.637,67.000,12180.25781,6.990,2.360,1,1,0,0,The World Ocean
175,Isara River,35,pos_x,251,253,1201.524,67.268,63.637,66.000,12205.46387,6.990,2.360,1,1,0,0,The World Ocean
175,Isara River,36,pos_x,251,254,1230.856,67.292,63.635,66.000,12233.47266,7.000,2.360,1,1,0,0,The World Ocean
175,Isara River,37,pos_x,251,255,1260.307,67.300,63.626,66.000,12456.23730,7.060,2.370,1,1,0,0,The World Ocean
175,Isara River,38,pos_y,255,250,1299.002,67.358,63.624,66.000,12523.17969,7.070,2.380,1,1,0,0,The World Ocean
175,Isara River,39,pos_y,254,249,1329.672,67.261,63.619,66.000,12611.83789,7.090,2.380,1,1,0,0,The World Ocean
175,Isara River,40,pos_y,255,248,1378.881,67.010,63.617,66.000,12628.67578,7.100,2.380,1,1,0,0,The World Ocean
175,Isara River,41,pos_y,254,247,1410.055,66.766,63.615,66.000,12646.96289,7.100,2.380,1,1,0,0,The World Ocean
175,Isara River,42,pos_y,253,247,1440.044,66.544,63.613,66.000,12720.33691,7.120,2.390,1,1,0,0,The World Ocean
175,Isara River,43,pos_y,252,246,1471.870,66.336,62.612,65.000,12797.69141,7.140,2.390,1,1,0,0,The World Ocean
175,Isara River,44,pos_y,251,245,1504.118,66.242,62.609,65.000,12862.20020,7.150,2.390,1,1,0,0,The World Ocean
175,Isara River,45,pos_y,250,244,1536.770,66.247,62.606,65.000,12939.45898,7.170,2.390,1,1,0,0,The World Ocean
175,Isara River,46,pos_y,249,243,1569.807,66.155,62.603,65.000,13010.80273,7.190,2.400,1,1,0,0,The World Ocean
175,Isara River,47,pos_y,248,242,1603.212,66.144,62.600,65.000,13078.16504,7.210,2.400,1,1,0,0,The World Ocean
175,Isara River,48,pos_y,247,241,1636.970,66.141,62.597,65.000,13153.25879,7.220,2.400,1,1,0,0,The World Ocean
175,Isara River,49,pos_y,246,240,1671.064,66.093,62.592,65.000,13272.92188,7.250,2.410,1,1,0,0,The World Ocean
175,Isara River,50,pos_y,247,239,1718.858,66.062,62.590,65.000,13289.99121,7.260,2.410,1,1,0,0,The World Ocean
175,Isara River,51,pos_y,247,238,1747.217,65.985,62.588,65.000,13329.17969,7.260,2.410,1,1,0,0,The World Ocean
175,Isara River,52,pos_y,246,237,1781.836,65.958,62.586,65.000,13435.05078,7.290,2.410,1,1,0,0,The World Ocean
175,Isara River,53,pos_y,246,236,1810.145,65.904,62.584,65.000,13486.35938,7.300,2.420,1,1,0,0,The World Ocean
175,Isara River,54,pos_y,245,235,1845.227,65.836,62.579,65.000,13608.40430,7.330,2.420,1,1,0,0,The World Ocean
175,Isara River,55,pos_y,245,234,1873.486,65.807,62.533,65.000,14806.60156,7.600,2.470,2,2,0,0,The World Ocean
175,Isara River,56,pos_y,244,233,1909.002,65.853,62.521,65.000,15121.59277,7.670,2.480,2,1,0,0,The World Ocean
175,Isara River,57,pos_y,244,232,1937.211,65.831,62.518,65.000,15206.57031,7.690,2.480,2,1,0,0,The World Ocean
175,Isara River,58,pos_y,244,231,1965.334,65.812,62.514,65.000,15303.65918,7.710,2.490,2,1,0,0,The World Ocean
175,Isara River,59,pos_y,244,230,1993.372,65.798,62.508,65.000,15469.98438,7.750,2.490,2,1,0,0,The World Ocean
175,Isara River,60,pos_y,244,229,2021.326,65.792,62.499,65.000,15724.37988,7.800,2.500,2,1,0,0,The World Ocean
175,Isara River,61,pos_y,244,228,2049.199,65.796,62.492,65.000,15905.10059,7.840,2.510,2,1,0,0,The World Ocean
175,Isara River,62,pos_y,244,227,2076.992,65.811,62.469,65.000,16565.73438,7.980,2.530,2,1,0,0,The World Ocean
175,Isara River,63,pos_y,245,226,2123.968,65.746,62.260,65.000,23387.94336,9.300,2.740,3,2,0,0,The World Ocean
175,Isara River,64,pos_y,245,225,2151.486,65.817,62.166,65.000,27008.86719,9.920,2.830,3,2,0,0,The World Ocean
175,Isara River,65,pos_y,245,224,2178.930,65.853,62.137,65.000,28222.18555,10.120,2.860,3,1,0,0,The World Ocean
175,Isara River,66,pos_y,244,223,2215.920,65.695,62.108,65.000,29430.19531,10.310,2.890,3,1,0,0,The World Ocean
175,Isara River,67,pos_y,245,222,2262.763,65.305,62.092,65.000,30107.40430,10.420,2.910,3,1,0,0,The World Ocean
175,Isara River,68,pos_y,245,221,2289.990,64.775,62.073,65.000,30947.03320,10.550,2.930,3,1,0,0,The World Ocean
175,Isara River,69,pos_y,245,220,2317.148,64.383,62.011,65.000,33824.37109,10.980,2.990,3,2,0,0,The World Ocean
175,Isara River,70,pos_y,246,219,2364.026,64.350,61.824,64.000,35418.63281,19.630,2.180,3,1,0,0,The World Ocean
304,Barora River,0,neg_x,30,120,0.000,68.317,65.502,67.000,1190.08801,2.870,1.500,1,0,0,0,The World Ocean
304,Barora River,1,neg_x,29,120,34.240,68.240,65.437,67.000,1523.60913,3.110,1.560,1,1,0,0,The World Ocean
304,Barora River,2,neg_x,28,119,77.002,68.313,65.402,67.000,1726.11646,3.250,1.600,1,1,0,0,The World Ocean
304,Barora River,3,neg_x,27,120,120.294,68.259,65.213,67.000,3157.78516,4.050,1.790,2,2,0,0,The World Ocean
304,Barora River,4,neg_x,26,121,163.647,68.298,65.209,67.000,3196.27026,4.060,1.790,2,1,0,0,The World Ocean
304,Barora River,5,neg_x,26,122,189.272,68.248,65.175,67.000,3521.25171,4.220,1.820,2,1,0,0,The World Ocean
304,Barora River,6,neg_x,26,123,214.893,68.244,65.161,67.000,3663.95264,4.280,1.840,2,1,0,0,The World Ocean
304,Barora River,7,neg_x,26,124,240.512,68.257,65.135,67.000,3930.62598,4.400,1.860,2,1,0,0,The World Ocean
304,Barora River,8,neg_x,26,125,266.128,68.317,65.123,67.000,4062.59009,4.460,1.880,2,1,0,0,The World Ocean
304,Barora River,9,neg_x,27,126,309.232,68.212,65.113,67.000,4177.14893,4.500,1.890,2,1,0,0,The World Ocean
304,Barora River,10,neg_x,27,127,334.913,68.282,65.099,67.000,4328.95508,4.570,1.900,2,1,0,0,The World Ocean
304,Barora River,11,neg_x,27,128,360.593,68.320,65.094,67.000,4392.32227,4.590,1.910,2,1,0,0,The World Ocean
304,Barora River,12,neg_x,28,129,403.699,68.325,65.086,67.000,4481.64453,4.630,1.910,2,1,0,0,The World Ocean
304,Barora River,13,neg_x,28,130,429.446,68.258,65.079,67.000,4561.46045,4.660,1.920,2,1,0,0,The World Ocean
304,Barora River,14,neg_x,28,131,455.194,68.176,65.073,67.000,4635.94629,4.690,1.930,2,1,0,0,The World Ocean
304,Barora River,15,neg_x,27,132,498.156,68.045,65.069,67.000,4682.03516,4.710,1.930,2,1,0,0,The World Ocean
304,Barora River,16,neg_x,26,133,541.170,67.891,65.062,67.000,4768.31787,4.740,1.940,2,1,0,0,The World Ocean
304,Barora River,17,neg_x,25,134,584.236,67.705,65.056,67.000,4846.01709,4.770,1.940,2,1,0,0,The World Ocean
304,Barora River,18,neg_x,24,135,627.356,67.479,65.053,67.000,4881.08008,4.790,1.950,2,1,0,0,The World Ocean
304,Barora River,19,neg_x,23,136,670.532,67.204,64.050,66.000,4915.94629,4.800,1.950,2,1,0,0,The World Ocean
304,Barora River,20,neg_x,22,137,713.764,66.889,64.048,66.000,4950.22412,4.820,1.950,2,1,0,0,The World Ocean
304,Barora River,21,neg_x,21,138,757.054,66.550,64.023,66.000,5270.06982,4.940,1.980,2,1,0,0,The World Ocean
304,Barora River,22,neg_x,20,139,800.403,66.235,63.017,65.000,5350.25488,4.970,1.980,2,1,0,0,The World Ocean
304,Barora River,23,neg_x,19,140,843.814,66.002,63.011,65.000,5423.54492,4.990,1.990,2,1,0,0,The World Ocean
304,Barora River,24,neg_x,18,141,887.287,65.952,63.007,65.000,5476.50684,5.010,1.990,2,1,0,0,The World Ocean
304,Barora River,25,neg_x,18,142,912.395,65.940,63.004,65.000,5513.42969,5.030,2.000,2,1,0,0,The World Ocean
304,Barora River,26,neg_x,18,143,937.511,65.917,62.989,65.000,5724.80615,5.100,2.010,2,1,0,0,The World Ocean
304,Barora River,27,neg_x,17,144,980.962,65.903,62.985,65.000,5778.16553,5.120,2.010,2,1,0,0,The World Ocean
304,Barora River,28,neg_x,17,145,1006.023,65.889,62.982,65.000,5815.40869,5.140,2.020,2,1,0,0,The World Ocean
304,Barora River,29,neg_x,17,146,1031.094,65.876,62.980,65.000,5852.63428,5.150,2.020,2,1,0,0,The World Ocean
304,Barora River,30,neg_x,17,147,1056.175,65.868,62.965,65.000,6057.12354,5.220,2.030,2,1,0,0,The World Ocean
304,Barora River,31,neg_x,18,148,1100.800,65.854,62.948,65.000,6317.85840,5.310,2.050,2,1,0,0,The World Ocean
304,Barora River,32,neg_x,18,149,1125.981,65.856,62.937,65.000,6476.06787,5.360,2.060,2,1,0,0,The World Ocean
304,Barora River,33,neg_x,18,150,1151.174,65.862,62.910,65.000,6896.44971,5.500,2.090,2,1,0,0,The World Ocean
304,Barora River,34,neg_x,19,151,1195.744,65.849,62.894,65.000,7143.69141,5.580,2.110,2,1,0,0,The World Ocean
304,Barora River,35,neg_x,20,152,1240.218,65.844,62.859,65.000,7728.23828,5.770,2.140,2,1,0,0,The World Ocean
304,Barora River,36,neg_x,19,153,1283.065,65.828,62.828,65.000,8261.50195,5.930,2.170,2,1,0,0,The World Ocean
304,Barora River,37,neg_x,18,154,1325.954,65.817,62.825,65.000,8330.36621,5.950,2.180,2,1,0,0,The World Ocean
304,Barora River,38,neg_x,18,155,1351.220,65.788,62.823,65.000,8355.15918,5.960,2.180,2,1,0,0,The World Ocean
304,Barora River,39,neg_x,18,156,1376.503,65.786,62.821,65.000,8381.25781,5.970,2.180,2,1,0,0,The World Ocean
304,Barora River,40,neg_x,19,157,1421.197,65.728,62.631,65.000,12345.19824,7.030,2.370,2,2,0,0,The World Ocean
304,Barora River,41,neg_x,19,158,1446.591,65.703,62.618,65.000,12634.26367,7.100,2.380,2,1,0,0,The World Ocean
304,Barora River,42,neg_x,19,159,1472.002,65.708,62.598,65.000,13116.90234,7.210,2.400,2,1,0,0,The World Ocean
304,Barora River,43,neg_x,19,160,1497.433,65.722,62.589,65.000,13345.77930,7.270,2.410,2,1,0,0,The World Ocean
304,Barora River,44,neg_x,19,161,1522.884,65.703,62.586,65.000,13421.02734,7.290,2.410,2,1,0,0,The World Ocean
304,Barora River,45,neg_x,20,162,1567.554,65.554,62.584,65.000,13468.01367,7.300,2.420,2,1,0,0,The World Ocean
304,Barora River,46,neg_x,20,163,1593.122,65.559,62.560,65.000,14076.91309,7.440,2.440,2,1,0,0,The World Ocean
304,Barora River,47,neg_x,19,164,1635.406,65.420,62.558,65.000,14123.30664,7.450,2.440,2,1,0,0,The World Ocean
304,Barora River,48,neg_x,19,165,1660.942,65.184,62.556,65.000,14175.14648,7.460,2.440,2,1,0,0,The World Ocean
304,Barora River,49,neg_x,19,166,1686.502,64.966,62.525,65.000,15009.29102,7.650,2.470,2,1,0,0,The World Ocean
304,Barora River,50,neg_x,19,167,1712.086,64.841,62.493,65.000,15888.33594,7.840,2.510,2,1,0,0,The World Ocean
304,Barora River,51,neg_x,20,168,1756.861,64.661,62.421,65.000,17988.80664,8.280,2.580,2,2,0,0,The World Ocean
304,Barora River,52,neg_x,20,169,1782.572,64.490,62.384,65.000,19163.96094,8.510,2.620,2,2,0,0,The World Ocean
304,Barora River,53,neg_x,20,170,1808.309,64.443,62.343,65.000,20505.88672,8.770,2.660,2,2,0,0,The World Ocean
304,Barora River,54,neg_x,20,171,1834.073,64.532,62.269,65.000,23086.35352,9.250,2.730,2,1,0,0,The World Ocean
304,Barora River,55,neg_x,19,172,1875.892,64.537,62.257,65.000,23526.64062,9.320,2.740,2,1,0,0,The World Ocean
304,Barora River,56,neg_x,19,173,1901.634,64.390,62.242,65.000,24051.14453,9.420,2.760,2,1,0,0,The World Ocean
304,Barora River,57,neg_x,19,174,1927.405,64.406,62.171,65.000,26830.04492,9.890,2.830,2,2,0,0,The World Ocean
304,Barora River,58,neg_x,20,175,1972.294,64.358,62.108,65.000,29420.92773,10.310,2.890,2,2,0,0,The World Ocean
304,Barora River,59,neg_x,21,176,2017.085,64.393,62.078,65.000,30721.90234,10.510,2.920,2,1,0,0,The World Ocean
304,Barora River,60,neg_x,22,177,2061.784,64.350,61.871,64.000,32289.59375,18.820,2.130,2,1,0,0,The World Ocean
401,Noryr River,0,neg_x,44,239,0.000,66.790,64.482,66.000,1289.57776,2.940,1.520,1,0,0,0,The World Ocean
401,Noryr River,1,neg_x,43,240,38.655,66.059,63.088,65.000,4459.85547,4.620,1.910,2,2,0,0,The World Ocean
401,Noryr River,2,neg_x,42,239,84.670,65.292,62.862,65.000,7669.55762,5.750,2.140,2,3,0,0,The World Ocean
401,Noryr River,3,neg_x,41,239,112.003,64.841,62.684,65.000,11135.72461,6.730,2.320,2,2,0,0,The World Ocean
401,Noryr River,4,neg_x,40,238,157.968,64.435,62.512,65.000,15355.02637,7.720,2.490,2,3,0,0,The World Ocean
401,Noryr River,5,neg_x,39,238,185.537,64.419,62.397,65.000,18747.41016,8.430,2.600,2,2,0,0,The World Ocean
401,Noryr River,6,neg_x,38,237,231.463,64.370,62.268,65.000,23112.23047,9.250,2.730,2,3,0,0,The World Ocean
401,Noryr River,7,neg_x,37,236,277.328,64.350,61.960,64.000,26982.39453,17.350,2.040,2,3,0,0,The World Ocean
220,Lorin River,0,neg_x,167,63,0.000,64.848,63.543,65.000,1008.44061,2.720,1.460,1,0,0,0,The World Ocean
220,Lorin River,1,neg_x,168,62,40.741,64.704,63.347,65.000,2083.29858,3.470,1.650,1,1,0,0,The World Ocean
220,Lorin River,2,neg_x,169,61,81.473,64.518,63.189,65.000,3385.12476,4.150,1.810,1,1,0,0,The World Ocean
220,Lorin River,3,neg_x,170,60,122.195,64.439,63.047,65.000,4962.30566,4.820,1.950,1,1,0,0,The World Ocean
220,Lorin River,4,neg_x,170,59,152.629,64.430,62.808,65.000,8635.95117,6.040,2.190,2,2,0,0,The World Ocean
220,Lorin River,5,neg_x,170,58,183.134,64.430,62.737,65.000,10000.66895,6.430,2.260,2,1,0,0,The World Ocean
220,Lorin River,6,neg_x,170,57,213.712,64.368,62.577,65.000,13650.07324,7.340,2.420,2,2,0,0,The World Ocean
220,Lorin River,7,neg_x,169,56,255.979,64.367,62.442,65.000,17353.25977,8.150,2.560,2,2,0,0,The World Ocean
220,Lorin River,8,neg_x,168,55,298.265,64.359,62.343,65.000,20504.12500,8.770,2.660,2,2,0,0,The World Ocean
220,Lorin River,9,neg_x,168,54,329.135,64.350,61.978,64.000,25988.80469,17.060,2.020,2,2,0,0,The World Ocean
436,Selun River,0,pos_y,171,171,0.000,67.971,65.526,67.000,1080.61365,2.780,1.470,1,0,0,0,The World Ocean
436,Selun River,1,pos_y,172,170,41.551,67.943,65.499,67.000,1204.41809,2.880,1.500,1,1,0,0,The World Ocean
436,Selun River,2,pos_y,173,169,83.104,67.898,65.475,67.000,1322.90796,2.970,1.520,1,1,0,0,The World Ocean
436,Selun River,3,pos_y,174,168,124.657,67.853,65.454,67.000,1430.65857,3.050,1.550,1,1,0,0,The World Ocean
436,Selun River,4,pos_y,175,168,153.958,67.843,65.442,67.000,1498.66528,3.100,1.560,1,1,0,0,The World Ocean
436,Selun River,5,pos_y,176,168,183.304,67.842,65.328,67.000,2221.03735,3.550,1.670,1,1,0,0,The World Ocean
436,Selun River,6,pos_y,177,168,212.695,67.832,65.317,67.000,2300.40771,3.600,1.680,1,1,0,0,The World Ocean
436,Selun River,7,pos_y,178,168,242.133,67.819,65.303,67.000,2406.03198,3.660,1.700,1,1,0,0,The World Ocean
436,Selun River,8,pos_y,179,169,282.812,67.808,65.290,67.000,2508.21582,3.710,1.710,1,1,0,0,The World Ocean
436,Selun River,9,pos_y,180,168,324.495,67.758,65.273,67.000,2643.15796,3.790,1.730,1,1,0,0,The World Ocean
436,Selun River,10,pos_y,181,167,366.182,67.633,65.082,67.000,4531.66943,4.650,1.920,1,1,0,0,The World Ocean
436,Selun River,11,pos_y,182,166,407.875,67.687,65.067,67.000,4710.26562,4.720,1.930,1,1,0,0,The World Ocean
436,Selun River,12,pos_y,183,166,437.617,67.631,64.947,67.000,6331.55078,5.320,2.050,1,1,0,0,The World Ocean
436,Selun River,13,pos_y,184,165,479.341,67.639,64.944,67.000,6377.67676,5.330,2.060,1,1,0,0,The World Ocean
436,Selun River,14,pos_y,185,165,509.218,67.650,64.691,67.000,10976.19531,6.680,2.310,2,2,0,0,The World Ocean
436,Selun River,15,pos_y,186,164,550.976,67.645,64.689,67.000,11019.18945,6.700,2.310,2,1,0,0,The World Ocean
436,Selun River,16,pos_y,187,164,580.994,67.647,64.642,67.000,12069.94531,6.960,2.360,2,1,0,0,The World Ocean
436,Selun River,17,pos_y,188,164,611.072,67.610,64.576,67.000,13677.92773,7.350,2.420,2,1,0,0,The World Ocean
436,Selun River,18,pos_y,189,163,652.895,67.690,64.574,67.000,13734.72852,7.360,2.430,2,1,0,0,The World Ocean
436,Selun River,19,pos_y,190,164,693.673,67.626,64.546,67.000,14444.30078,7.520,2.450,2,1,0,0,The World Ocean
436,Selun River,20,pos_y,191,164,723.938,67.652,64.407,67.000,18429.05078,8.370,2.590,3,2,0,0,The World Ocean
436,Selun River,21,pos_y,192,163,765.851,67.695,64.403,67.000,18543.95508,8.390,2.600,3,1,0,0,The World Ocean
436,Selun River,22,pos_y,192,162,793.904,67.699,64.401,67.000,18595.42188,8.400,2.600,3,1,0,0,The World Ocean
436,Selun River,23,pos_y,193,161,835.813,67.504,64.399,67.000,18664.52930,8.410,2.600,3,1,0,0,The World Ocean
436,Selun River,24,pos_y,192,160,876.667,67.365,64.397,67.000,18705.45703,8.420,2.600,3,1,0,0,The World Ocean
436,Selun River,25,pos_y,191,159,917.525,67.375,64.389,67.000,18981.58984,8.480,2.610,3,1,0,0,The World Ocean
436,Selun River,26,pos_y,192,158,959.350,67.337,63.388,66.000,19020.43164,8.480,2.610,3,1,0,0,The World Ocean
436,Selun River,27,pos_y,193,157,1001.191,67.294,63.381,66.000,19262.90430,8.530,2.620,3,1,0,0,The World Ocean
436,Selun River,28,pos_y,193,156,1029.047,67.273,63.374,66.000,19460.02148,8.570,2.630,3,1,0,0,The World Ocean
436,Selun River,29,pos_y,193,155,1056.880,67.298,63.369,66.000,19624.12500,8.600,2.630,3,1,0,0,The World Ocean
436,Selun River,30,pos_y,192,154,1097.829,67.244,63.367,66.000,19629.25586,8.600,2.630,3,1,0,0,The World Ocean
436,Selun River,31,pos_y,191,153,1138.780,67.177,63.365,66.000,19633.84766,8.600,2.630,3,1,0,0,The World Ocean
436,Selun River,32,pos_y,190,152,1179.731,67.120,63.363,66.000,19640.00586,8.610,2.630,3,1,0,0,The World Ocean
436,Selun River,33,pos_y,189,151,1220.683,67.088,63.361,66.000,19646.97070,8.610,2.630,3,1,0,0,The World Ocean
436,Selun River,34,pos_y,188,150,1261.634,67.080,63.359,66.000,19655.61133,8.610,2.630,3,1,0,0,The World Ocean
436,Selun River,35,pos_y,187,149,1302.585,67.103,63.357,66.000,19664.83594,8.610,2.630,3,1,0,0,The World Ocean
436,Selun River,36,pos_y,186,148,1343.535,67.142,63.355,66.000,19669.52734,8.610,2.630,3,1,0,0,The World Ocean
436,Selun River,37,pos_y,185,147,1384.484,67.174,63.351,66.000,20232.74023,8.720,2.650,3,1,0,0,The World Ocean
436,Selun River,38,pos_y,184,146,1425.433,67.224,63.345,66.000,20433.46094,8.760,2.660,3,1,0,0,The World Ocean
436,Selun River,39,pos_y,185,145,1466.865,66.968,63.336,66.000,20737.07227,8.820,2.660,3,1,0,0,The World Ocean
436,Selun River,40,pos_y,184,144,1507.838,67.090,63.332,66.000,20853.18359,8.840,2.670,3,1,0,0,The World Ocean
436,Selun River,41,pos_y,184,143,1535.800,66.990,63.329,66.000,20961.11523,8.860,2.670,3,1,0,0,The World Ocean
436,Selun River,42,pos_y,184,142,1563.750,66.912,63.326,66.000,21061.78906,8.880,2.670,3,1,0,0,The World Ocean
436,Selun River,43,pos_y,184,141,1591.687,67.181,63.321,66.000,21222.66797,8.910,2.680,3,1,0,0,The World Ocean
436,Selun River,44,pos_y,185,140,1633.050,66.710,63.316,66.000,21409.20508,8.940,2.680,3,1,0,0,The World Ocean
436,Selun River,45,pos_y,185,139,1660.932,66.997,63.314,66.000,21465.63867,8.950,2.690,3,1,0,0,The World Ocean
436,Selun River,46,pos_y,186,138,1702.289,66.431,63.312,66.000,21492.90430,8.960,2.690,3,1,0,0,The World Ocean
436,Selun River,47,pos_y,186,137,1730.118,66.942,63.310,66.000,21534.22852,8.960,2.690,3,1,0,0,The World Ocean
436,Selun River,48,pos_y,187,136,1771.471,66.513,63.308,66.000,21561.92188,8.970,2.690,3,1,0,0,The World Ocean
436,Selun River,49,pos_y,187,135,1799.250,67.072,63.306,66.000,21603.27148,8.980,2.690,3,1,0,0,The World Ocean
436,Selun River,50,pos_y,188,134,1840.599,66.867,63.304,66.000,21666.81836,8.990,2.690,3,1,0,0,The World Ocean
436,Selun River,51,pos_y,189,133,1881.958,66.837,63.299,66.000,22002.93359,9.050,2.700,3,1,0,0,The World Ocean
436,Selun River,52,pos_y,190,132,1923.327,66.951,63.297,66.000,22007.63672,9.050,2.700,3,1,0,0,The World Ocean
436,Selun River,53,pos_y,191,132,1954.051,66.957,63.280,66.000,22672.32422,9.170,2.720,3,1,0,0,The World Ocean
436,Selun River,54,pos_y,192,133,1995.322,66.893,63.275,66.000,22862.81445,9.210,2.730,3,1,0,0,The World Ocean
436,Selun River,55,pos_y,193,134,2036.601,66.832,63.214,66.000,25120.88086,9.600,2.790,3,2,0,0,The World Ocean
436,Selun River,56,pos_y,194,135,2077.889,66.770,63.212,66.000,25176.72461,9.610,2.790,3,1,0,0,The World Ocean
436,Selun River,57,pos_y,195,136,2119.186,66.710,63.210,66.000,25226.73828,9.620,2.790,3,1,0,0,The World Ocean
436,Selun River,58,pos_y,196,137,2160.492,66.643,63.208,66.000,25269.78711,9.630,2.790,3,1,0,0,The World Ocean
436,Selun River,59,pos_y,197,138,2201.807,66.572,63.206,66.000,25302.79102,9.630,2.790,3,1,0,0,The World Ocean
436,Selun River,60,pos_y,198,139,2243.131,66.492,63.204,66.000,25326.12695,9.640,2.790,3,1,0,0,The World Ocean
436,Selun River,61,pos_y,199,140,2284.464,66.403,63.202,66.000,25344.25195,9.640,2.790,3,1,0,0,The World Ocean
436,Selun River,62,pos_y,200,141,2325.807,66.311,62.208,65.000,25362.50977,9.640,2.790,3,1,0,0,The World Ocean
436,Selun River,63,pos_y,201,142,2367.158,66.231,62.206,65.000,25381.36914,9.650,2.790,3,1,0,0,The World Ocean
436,Selun River,64,pos_y,202,143,2408.519,66.179,62.204,65.000,25400.19531,9.650,2.790,3,1,0,0,The World Ocean
436,Selun River,65,pos_y,203,144,2449.890,66.167,62.202,65.000,25415.97656,9.650,2.790,3,1,0,0,The World Ocean
436,Selun River,66,pos_y,204,145,2491.270,66.203,62.200,65.000,25426.37305,9.650,2.790,3,1,0,0,The World Ocean
436,Selun River,67,pos_y,205,146,2532.659,66.286,62.198,65.000,25434.60742,9.660,2.790,3,1,0,0,The World Ocean
436,Selun River,68,pos_y,206,147,2574.057,66.405,62.196,65.000,25442.95508,9.660,2.790,3,1,0,0,The World Ocean
436,Selun River,69,pos_y,207,148,2615.465,66.531,62.194,65.000,25451.43164,9.660,2.790,3,1,0,0,The World Ocean
436,Selun River,70,pos_y,208,149,2656.881,66.640,62.192,65.000,25460.17188,9.660,2.790,3,1,0,0,The World Ocean
436,Selun River,71,pos_y,209,150,2698.307,66.724,62.190,65.000,25487.98633,9.660,2.800,3,1,0,0,The World Ocean
436,Selun River,72,pos_y,210,151,2739.741,66.779,62.188,65.000,25541.85938,9.670,2.800,3,1,0,0,The World Ocean
436,Selun River,73,pos_y,211,152,2781.184,66.809,62.186,65.000,25586.13281,9.680,2.800,3,1,0,0,The World Ocean
436,Selun River,74,pos_y,212,153,2822.636,66.820,62.184,65.000,25596.05859,9.680,2.800,3,1,0,0,The World Ocean
436,Selun River,75,pos_y,213,154,2864.096,66.823,62.182,65.000,25604.91602,9.680,2.800,3,1,0,0,The World Ocean
436,Selun River,76,pos_y,214,155,2905.564,66.830,62.180,65.000,25613.48242,9.690,2.800,3,1,0,0,The World Ocean
436,Selun River,77,pos_y,215,156,2947.040,66.850,62.178,65.000,25622.01367,9.690,2.800,3,1,0,0,The World Ocean
436,Selun River,78,pos_y,216,157,2988.523,66.890,62.176,65.000,25630.58008,9.690,2.800,3,1,0,0,The World Ocean
436,Selun River,79,pos_y,217,158,3030.014,66.951,62.174,65.000,25639.23438,9.690,2.800,3,1,0,0,The World Ocean
436,Selun River,80,pos_y,218,159,3071.511,67.028,62.172,65.000,25648.10742,9.690,2.800,3,1,0,0,The World Ocean
436,Selun River,81,pos_y,219,160,3113.014,67.114,62.170,65.000,25657.26367,9.690,2.800,3,1,0,0,The World Ocean
436,Selun River,82,pos_y,220,161,3154.524,67.128,62.168,65.000,25666.76367,9.700,2.800,3,1,0,0,The World Ocean
436,Selun River,83,pos_y,221,162,3196.039,67.246,62.166,65.000,25676.66602,9.700,2.800,3,1,0,0,The World Ocean
436,Selun River,84,pos_y,222,163,3237.559,67.101,62.164,65.000,25682.89844,9.700,2.800,3,1,0,0,The World Ocean
436,Selun River,85,pos_y,222,164,3264.059,66.816,62.162,65.000,25689.19336,9.700,2.800,3,1,0,0,The World Ocean
436,Selun River,86,pos_y,222,165,3290.584,66.124,62.160,65.000,25714.13086,9.700,2.800,3,1,0,0,The World Ocean
436,Selun River,87,pos_y,223,166,3332.028,65.759,62.158,65.000,25725.25586,9.710,2.800,3,1,0,0,The World Ocean
436,Selun River,88,pos_y,224,167,3373.472,65.303,62.156,65.000,25736.80664,9.710,2.800,3,1,0,0,The World Ocean
436,Selun River,89,pos_y,225,168,3414.916,64.799,62.154,65.000,25749.09180,9.710,2.800,3,1,0,0,The World Ocean
436,Selun River,90,pos_y,226,169,3456.360,64.366,62.152,65.000,25762.53320,9.710,2.800,3,1,0,0,The World Ocean
436,Selun River,91,pos_y,227,170,3497.802,64.350,61.982,64.000,25771.51758,17.000,2.020,3,1,0,0,The World Ocean
596,Selora River,0,pos_z,194,70,0.000,70.164,67.664,69.000,1204.44775,3.230,1.340,1,0,0,0,The World Ocean
596,Selora River,1,pos_z,193,71,40.472,70.032,67.622,69.000,1444.15710,3.430,1.380,1,1,0,0,The World Ocean
596,Selora River,2,pos_z,194,72,82.870,69.867,67.618,69.000,1463.75256,3.450,1.380,1,1,0,0,The World Ocean
596,Selora River,3,pos_z,195,73,125.277,69.671,67.615,69.000,1484.40955,3.470,1.390,1,1,0,0,The World Ocean
596,Selora River,4,pos_z,196,74,167.693,69.457,67.611,69.000,1506.75049,3.480,1.390,1,1,0,0,The World Ocean
596,Selora River,5,pos_z,197,75,210.120,69.238,66.607,68.000,1530.65210,3.500,1.390,1,1,0,0,The World Ocean
596,Selora River,6,pos_z,198,76,252.561,69.031,66.603,68.000,1556.48523,3.520,1.400,1,1,0,0,The World Ocean
596,Selora River,7,pos_z,199,77,295.015,68.927,66.583,68.000,1692.22778,3.630,1.420,1,1,0,0,The World Ocean
596,Selora River,8,pos_z,198,78,335.609,68.915,66.376,68.000,1891.59180,3.360,1.620,1,1,0,0,The World Ocean
596,Selora River,9,pos_z,199,79,378.020,68.874,66.369,68.000,1937.31030,3.380,1.630,1,1,0,0,The World Ocean
596,Selora River,10,pos_z,199,80,406.204,68.752,66.354,68.000,2039.98828,3.450,1.650,1,1,0,0,The World Ocean
596,Selora River,11,pos_z,200,81,448.611,68.669,66.003,68.000,5527.47607,5.030,2.000,2,2,0,0,The World Ocean
596,Selora River,12,pos_z,201,81,479.284,68.696,65.999,68.000,5580.54980,5.050,2.000,2,1,0,0,The World Ocean
596,Selora River,13,pos_z,202,81,510.036,68.736,65.989,68.000,5729.26123,5.100,2.010,2,1,0,0,The World Ocean
596,Selora River,14,pos_z,203,80,550.721,68.732,65.975,68.000,5926.28467,5.180,2.030,2,1,0,0,The World Ocean
596,Selora River,15,pos_z,204,79,591.390,68.534,65.972,68.000,5957.16650,5.190,2.030,2,1,0,0,The World Ocean
596,Selora River,16,pos_z,205,79,622.315,68.352,65.970,68.000,5989.46533,5.200,2.030,2,1,0,0,The World Ocean
596,Selora River,17,pos_z,206,79,653.326,68.193,64.956,67.000,6198.06592,5.270,2.040,2,1,0,0,The World Ocean
596,Selora River,18,pos_z,207,79,684.424,68.008,64.946,67.000,6342.96436,5.320,2.050,2,1,0,0,The World Ocean
596,Selora River,19,pos_z,208,78,725.106,67.716,64.921,67.000,6718.37451,5.450,2.080,2,1,0,0,The World Ocean
596,Selora River,20,pos_z,209,77,765.770,67.384,64.910,67.000,6892.03174,5.500,2.090,2,1,0,0,The World Ocean
596,Selora River,21,pos_z,210,77,797.061,67.105,63.892,66.000,7185.77344,5.600,2.110,2,1,0,0,The World Ocean
596,Selora River,22,pos_z,211,76,837.716,66.728,63.874,66.000,7474.30127,5.690,2.130,2,1,0,0,The World Ocean
596,Selora River,23,pos_z,212,75,878.351,66.336,62.857,65.000,7767.27588,5.780,2.140,2,1,0,0,The World Ocean
596,Selora River,24,pos_z,213,74,918.963,65.931,62.836,65.000,8129.16748,5.890,2.160,2,1,0,0,The World Ocean
596,Selora River,25,pos_z,214,73,959.552,65.518,62.807,65.000,8651.87793,6.050,2.190,2,1,0,0,The World Ocean
596,Selora River,26,pos_z,215,72,1000.115,65.119,62.768,65.000,9396.25977,6.260,2.230,2,1,0,0,The World Ocean
596,Selora River,27,pos_z,216,72,1031.775,64.825,62.741,65.000,9920.29980,6.400,2.260,2,1,0,0,The World Ocean
596,Selora River,28,pos_z,217,71,1072.322,64.495,62.659,65.000,11690.03223,6.870,2.340,2,2,0,0,The World Ocean
596,Selora River,29,pos_z,218,71,1104.145,64.444,62.610,65.000,12833.54883,7.150,2.390,2,1,0,0,The World Ocean
596,Selora River,30,pos_z,219,71,1136.077,64.428,62.538,65.000,14660.62598,7.570,2.460,2,1,0,0,The World Ocean
596,Selora River,31,pos_z,220,70,1176.620,64.460,62.378,65.000,19333.54492,8.550,2.620,2,2,0,0,The World Ocean
596,Selora River,32,pos_z,221,69,1217.132,64.460,62.366,65.000,19730.50391,8.620,2.630,2,1,0,0,The World Ocean
596,Selora River,33,pos_z,222,70,1260.944,64.430,62.352,65.000,20199.82031,8.710,2.650,2,1,0,0,The World Ocean
596,Selora River,34,pos_z,222,71,1288.149,64.352,62.295,65.000,22158.18750,9.080,2.710,2,1,0,0,The World Ocean
596,Selora River,35,pos_z,223,72,1331.991,64.366,62.246,65.000,23901.29492,9.390,2.750,2,1,0,0,The World Ocean
596,Selora River,36,pos_z,224,71,1372.651,64.350,61.984,64.000,25670.64258,16.970,2.020,2,2,0,0,The World Ocean
